Model,Scoring,Score,CI-lower,CI-high
ExtraTreesClassifier,roc_auc,0.41875,-0.09106001363252952,0.9285600136325296
RandomForestClassifier,roc_auc,0.5825,0.04535476824233098,1.119645231757669
AdaBoostClassifier,roc_auc,0.3675,-0.16308929502959263,0.8980892950295927
XGBClassifier,roc_auc,0.445,0.03341768745486645,0.8565823125451335
LinearDiscriminantAnalysis,roc_auc,0.5525,0.18887244328846575,0.9161275567115342
SVC,roc_auc,0.465,-0.09051777649324605,1.020517776493246
LassoRegression,roc_auc,0.41,-0.15929781309961139,0.9792978130996113
RidgeRegression,roc_auc,0.5575,0.045616224128953164,1.0693837758710467
