Model,Scoring,Score,CI-lower,CI-high
ExtraTreesRegressor,neg_mean_squared_error,-0.9670394875026258,-1.386915524508276,-0.5471634504969755
RandomForestRegressor,neg_mean_squared_error,-0.8471434572568789,-1.0954914355860568,-0.598795478927701
AdaBoostRegressor,neg_mean_squared_error,-0.9850993679451845,-1.6039454166608627,-0.3662533192295063
XGBRegressor,neg_mean_squared_error,-1.1951329852280994,-1.8715238448624016,-0.5187421255937971
SVR,neg_mean_squared_error,-1.2449025463045114,-2.3091296954176346,-0.18067539719138814
LassoRegression,neg_mean_squared_error,-0.7789315912193036,-0.9276348368685456,-0.6302283455700615
RidgeRegression,neg_mean_squared_error,-1.2983884906506664,-2.2414941410162297,-0.35528284028510326
