Model,Scoring,Score,CI-lower,CI-high
ExtraTreesRegressor,neg_mean_squared_error,-0.9172442764125185,-1.218668458117901,-0.615820094707136
RandomForestRegressor,neg_mean_squared_error,-0.8564797311489183,-1.459258295594645,-0.25370116670319176
AdaBoostRegressor,neg_mean_squared_error,-0.9809035178512098,-1.3028324369753614,-0.6589745987270581
XGBRegressor,neg_mean_squared_error,-1.1613052002158541,-1.736637941423449,-0.5859724590082593
SVR,neg_mean_squared_error,-1.1438772394315655,-1.6884079252322142,-0.5993465536309168
LassoRegression,neg_mean_squared_error,-0.7789315912193036,-0.9276348368685456,-0.6302283455700615
RidgeRegression,neg_mean_squared_error,-1.5088460510341437,-2.4324949310086406,-0.5851971710596467
