Model,Scoring,Score,CI-lower,CI-high
ExtraTreesRegressor,neg_mean_squared_error,-0.9050987187565637,-1.281802795735905,-0.5283946417772222
RandomForestRegressor,neg_mean_squared_error,-0.8523787019533712,-1.2367268487508436,-0.4680305551558988
AdaBoostRegressor,neg_mean_squared_error,-0.9619050838851997,-1.3980507213452822,-0.5257594464251173
XGBRegressor,neg_mean_squared_error,-1.0230626514977073,-1.5059788004673973,-0.5401465025280172
SVR,neg_mean_squared_error,-1.2832545442587233,-1.8220586933410323,-0.7444503951764142
LassoRegression,neg_mean_squared_error,-0.7789315912193036,-0.9276348368685456,-0.6302283455700615
RidgeRegression,neg_mean_squared_error,-1.327627204820955,-1.8871954874570274,-0.7680589221848826
