Model,Scoring,Score,CI-lower,CI-high
ExtraTreesClassifier,roc_auc,0.49750000000000005,-0.06093531406958841,1.0559353140695884
RandomForestClassifier,roc_auc,0.42750000000000005,-0.16228809754012502,1.017288097540125
AdaBoostClassifier,roc_auc,0.3975,-0.1976680434969606,0.9926680434969606
XGBClassifier,roc_auc,0.46749999999999997,-0.06637732673339852,1.0013773267333985
LinearDiscriminantAnalysis,roc_auc,0.4325,-0.24685631299046606,1.111856312990466
SVC,roc_auc,0.37,-0.39216796049164915,1.1321679604916493
LassoRegression,roc_auc,0.61,0.14031925736730483,1.079680742632695
RidgeRegression,roc_auc,0.6174999999999999,-0.07135775019230217,1.306357750192302
