Model,Scoring,Score,CI-lower,CI-high
ExtraTreesClassifier,roc_auc,0.5199999999999999,0.08638150408452355,0.9536184959154763
RandomForestClassifier,roc_auc,0.55625,0.01642942795777047,1.0960705720422297
AdaBoostClassifier,roc_auc,0.35750000000000004,-0.2836123146532127,0.9986123146532128
XGBClassifier,roc_auc,0.45999999999999996,0.04334666688000677,0.8766533331199932
LinearDiscriminantAnalysis,roc_auc,0.46749999999999997,-0.10523466806192211,1.040234668061922
SVC,roc_auc,0.48,-0.19149087856798175,1.1514908785679818
LassoRegression,roc_auc,0.525,-0.15101775124622285,1.2010177512462228
RidgeRegression,roc_auc,0.625,0.33004237592494745,0.9199576240750525
