Model,Scoring,Score,CI-lower,CI-high
ExtraTreesClassifier,roc_auc,0.5125,-0.10444813396265329,1.1294481339626532
RandomForestClassifier,roc_auc,0.375,-0.26726162893325645,1.0172616289332566
AdaBoostClassifier,roc_auc,0.475,-0.17500000000000004,1.125
XGBClassifier,roc_auc,0.425,-0.28387234393789124,1.1338723439378913
LinearDiscriminantAnalysis,roc_auc,0.55,-0.2806623862918074,1.3806623862918075
SVC,roc_auc,0.375,-0.375,1.125
LassoRegression,roc_auc,0.625,-0.18894102980498528,1.4389410298049854
RidgeRegression,roc_auc,0.5,-0.13245553203367588,1.132455532033676
