Model,Scoring,Score,CI-lower,CI-high
ExtraTreesClassifier,roc_auc,0.6,-0.14833147735478824,1.348331477354788
RandomForestClassifier,roc_auc,0.6,-0.114142842854285,1.314142842854285
AdaBoostClassifier,roc_auc,0.675,-0.16315273071201042,1.5131527307120105
XGBClassifier,roc_auc,0.95,0.6499999999999999,1.25
LinearDiscriminantAnalysis,roc_auc,0.7,0.036675041928919905,1.36332495807108
SVC,roc_auc,0.55,-0.2806623862918074,1.3806623862918075
LassoRegression,roc_auc,0.45,-0.49339811320566046,1.3933981132056605
RidgeRegression,roc_auc,0.5,-0.39442719099991586,1.3944271909999157
