Model,Scoring,Score,CI-lower,CI-high
ExtraTreesClassifier,roc_auc,0.55,-0.3933981132056603,1.4933981132056604
RandomForestClassifier,roc_auc,0.525,-0.4354686356149273,1.4854686356149274
AdaBoostClassifier,roc_auc,0.85,0.39174243050441604,1.3082575694955838
XGBClassifier,roc_auc,0.85,0.20968757625671508,1.4903124237432848
LinearDiscriminantAnalysis,roc_auc,0.8,0.13667504192892,1.46332495807108
SVC,roc_auc,0.5,-0.39442719099991586,1.3944271909999157
LassoRegression,roc_auc,0.35,-0.5500000000000002,1.25
RidgeRegression,roc_auc,0.45,-0.49339811320566046,1.3933981132056605
