Model,Scoring,Score,CI-lower,CI-high
ExtraTreesRegressor,neg_mean_squared_error,-0.9145715185885319,-1.2914335345087289,-0.537709502668335
RandomForestRegressor,neg_mean_squared_error,-0.8733616887208571,-1.2910661161795494,-0.4556572612621648
AdaBoostRegressor,neg_mean_squared_error,-0.9685084233476765,-1.357302480008987,-0.579714366686366
XGBRegressor,neg_mean_squared_error,-1.0315733618785898,-1.7429967515126747,-0.3201499722445049
SVR,neg_mean_squared_error,-1.227109354376718,-2.2127807984842667,-0.24143791026916916
Lasso,neg_mean_squared_error,-0.7789315912193036,-0.9276348368685456,-0.6302283455700615
Ridge,neg_mean_squared_error,-1.361173568704721,-2.362780699640574,-0.3595664377688683
