Model,Scoring,Score,CI-lower,CI-high
ExtraTreesClassifier,roc_auc,0.6375,0.17530415406453503,1.0996958459354649
RandomForestClassifier,roc_auc,0.5700000000000001,-0.05880839689049944,1.1988083968904997
AdaBoostClassifier,roc_auc,0.7150000000000001,0.15277228812517618,1.2772277118748239
XGBClassifier,roc_auc,0.5700000000000001,-0.12166465863162323,1.2616646586316234
LinearDiscriminantAnalysis,roc_auc,0.51,-0.035527267879434166,1.0555272678794343
SVC,roc_auc,0.49000000000000005,-0.1623802572120036,1.1423802572120036
LassoRegression,roc_auc,0.585,0.09093522691857497,1.079064773081425
RidgeRegression,roc_auc,0.58,0.14825933710154188,1.011740662898458
