Model,Scoring,Score,CI-lower,CI-high
ExtraTreesClassifier,roc_auc,0.6922619047619047,0.11011904761904756,1.274404761904762
RandomForestClassifier,roc_auc,0.5315476190476192,-0.1357150821965425,1.1988103202917808
AdaBoostClassifier,roc_auc,0.4821428571428572,-0.17899493076763173,1.1432806450533461
XGBClassifier,roc_auc,0.6190476190476191,0.039345607865401866,1.1987496302298362
LinearDiscriminantAnalysis,roc_auc,0.8416666666666666,0.48914899692088887,1.1941843364124443
SVC,roc_auc,0.7404761904761904,0.31846287540753276,1.162489505544848
LassoRegression,roc_auc,0.7297619047619048,0.36835090073435783,1.091172908789452
RidgeRegression,roc_auc,0.7654761904761904,0.16125352124438697,1.3696988597079938
