Model,Scoring,Score,CI-lower,CI-high
ExtraTreesClassifier,roc_auc,0.6487499999999999,0.20035703618366169,1.0971429638163381
RandomForestClassifier,roc_auc,0.48250000000000004,0.006684909865187272,0.9583150901348128
AdaBoostClassifier,roc_auc,0.55,-0.01700970009339342,1.1170097000933934
XGBClassifier,roc_auc,0.51,-0.0727520913733386,1.0927520913733386
LinearDiscriminantAnalysis,roc_auc,0.44749999999999995,-0.06262253429935832,0.9576225342993583
SVC,roc_auc,0.47750000000000004,-0.0399214916294065,0.9949214916294066
LassoRegression,roc_auc,0.655,0.24099516911031094,1.0690048308896891
RidgeRegression,roc_auc,0.4625,-0.21803287944080996,1.14303287944081
