Model,Scoring,Score,CI-lower,CI-high
ExtraTreesClassifier,roc_auc,0.725,-0.0316372975210778,1.4816372975210776
RandomForestClassifier,roc_auc,0.55,-0.3102325267042626,1.4102325267042626
AdaBoostClassifier,roc_auc,0.425,-0.4708236433584458,1.3208236433584457
XGBClassifier,roc_auc,0.5,-0.39442719099991586,1.3944271909999157
LinearDiscriminantAnalysis,roc_auc,0.75,0.07917960675006308,1.420820393249937
SVC,roc_auc,0.35,-0.43102496759066555,1.1310249675906654
LassoRegression,roc_auc,0.3,-0.36332495807108006,0.9633249580710801
RidgeRegression,roc_auc,0.45,-0.38066238629180754,1.2806623862918076
