Model,Scoring,Score,CI-lower,CI-high
ExtraTreesClassifier,roc_auc,0.5625,-0.11986720319780908,1.244867203197809
RandomForestClassifier,roc_auc,0.35,-0.32823299831252684,1.028232998312527
AdaBoostClassifier,roc_auc,0.45,-0.21332495807108004,1.11332495807108
XGBClassifier,roc_auc,0.3,-0.5,1.1
LinearDiscriminantAnalysis,roc_auc,0.35,-0.2903124237432849,0.9903124237432849
SVC,roc_auc,0.325,-0.3838723439378913,1.0338723439378914
LassoRegression,roc_auc,0.65,-0.1310249675906655,1.4310249675906657
RidgeRegression,roc_auc,0.35,-0.2903124237432849,0.9903124237432849
