Model,Scoring,Score,CI-lower,CI-high
ExtraTreesClassifier,roc_auc,0.7025,0.23375166666962965,1.1712483333303703
RandomForestClassifier,roc_auc,0.5125,-0.029832923581078585,1.0548329235810785
AdaBoostClassifier,roc_auc,0.825,0.3225062189439555,1.3274937810560443
XGBClassifier,roc_auc,0.5700000000000001,0.23773504548327706,0.9022649545167231
LinearDiscriminantAnalysis,roc_auc,0.61,0.2472328570556589,0.9727671429443411
SVC,roc_auc,0.525,-0.0653388857258177,1.1153388857258177
LassoRegression,roc_auc,0.585,-0.05382705014737754,1.2238270501473774
RidgeRegression,roc_auc,0.6,0.08231283577820858,1.1176871642217914
