Model,Scoring,Score,CI-lower,CI-high
ExtraTreesClassifier,roc_auc,0.65,-0.1310249675906655,1.4310249675906657
RandomForestClassifier,roc_auc,0.6,-0.3797958971132712,1.579795897113271
AdaBoostClassifier,roc_auc,0.675,0.040571122977523966,1.309428877022476
XGBClassifier,roc_auc,0.6,-0.14833147735478835,1.3483314773547883
LinearDiscriminantAnalysis,roc_auc,0.75,0.07917960675006308,1.420820393249937
SVC,roc_auc,0.45,-0.38066238629180754,1.2806623862918076
LassoRegression,roc_auc,0.35,-0.55,1.25
RidgeRegression,roc_auc,0.35,-0.55,1.25
