Model,Scoring,Score,CI-lower,CI-high
ExtraTreesClassifier,roc_auc,0.581547619047619,-0.013739283713259387,1.1768345218084972
RandomForestClassifier,roc_auc,0.65,-0.0304860207894031,1.3304860207894031
AdaBoostClassifier,roc_auc,0.31428571428571433,-0.2219521251178131,0.8505235536892417
XGBClassifier,roc_auc,0.5273809523809525,-0.1160975832753195,1.1708594880372245
LinearDiscriminantAnalysis,roc_auc,0.7714285714285715,0.34169469818367704,1.201162444673466
SVC,roc_auc,0.7107142857142857,0.20005134013185,1.2213772312967215
LassoRegression,roc_auc,0.7857142857142858,0.39477379520430883,1.1766547762242627
RidgeRegression,roc_auc,0.7642857142857143,0.221992774397077,1.3065786541743516
