Model,Scoring,Score,CI-lower,CI-high
ExtraTreesClassifier,roc_auc,0.6169166666666668,0.39557097173074385,0.8382623616025897
RandomForestClassifier,roc_auc,0.5751388888888889,0.22844967576879893,0.9218281020089788
AdaBoostClassifier,roc_auc,0.4846111111111112,0.04992148151998088,0.9193007407022415
XGBClassifier,roc_auc,0.5936111111111111,0.21182575030167006,0.9753964719205521
LinearDiscriminantAnalysis,roc_auc,0.5714444444444444,0.2656194319428426,0.8772694569460462
SVC,roc_auc,0.5555,0.19861171648038056,0.9123882835196194
LassoRegression,roc_auc,0.6047777777777779,0.22522664587537522,0.9843289096801805
RidgeRegression,roc_auc,0.6148333333333333,0.14362945095816437,1.0860372157085023
