Model,Scoring,Score,CI-lower,CI-high
ExtraTreesClassifier,roc_auc,0.6048611111111111,0.27854400316506484,0.9311782190571574
RandomForestClassifier,roc_auc,0.5050000000000001,0.09090474943171611,0.9190952505682841
AdaBoostClassifier,roc_auc,0.5025000000000001,0.1265477932922922,0.8784522067077078
XGBClassifier,roc_auc,0.5731111111111111,0.1799817854857303,0.966240436736492
LinearDiscriminantAnalysis,roc_auc,0.5492777777777778,0.12001310360364176,0.9785424519519137
SVC,roc_auc,0.6040555555555555,0.22132332152899353,0.9867877895821173
LassoRegression,roc_auc,0.5882222222222222,0.13582618682899933,1.040618257615445
RidgeRegression,roc_auc,0.7268888888888889,0.3473250716485931,1.1064527061291847
