Model,Scoring,Score,CI-lower,CI-high
ExtraTreesRegressor,neg_mean_squared_error,-0.8515090996701137,-1.016611402237075,-0.6864067971031526
RandomForestRegressor,neg_mean_squared_error,-0.8503438229734238,-0.9946537431105302,-0.7060339028363174
AdaBoostRegressor,neg_mean_squared_error,-0.8368148033334732,-0.973780232253041,-0.6998493744139055
XGBRegressor,neg_mean_squared_error,-0.9415584716817211,-1.0804030275136602,-0.802713915849782
SVR,neg_mean_squared_error,-3.1572503023911325,-4.378803230499807,-1.9356973742824581
LassoRegression,neg_mean_squared_error,-0.8399542120019484,-0.9028877167456912,-0.7770207072582056
RidgeRegression,neg_mean_squared_error,-2.152174287123178,-3.087867092203864,-1.2164814820424925
