Model,Scoring,Score,CI-lower,CI-high
ExtraTreesClassifier,roc_auc,0.8188096646942802,0.6987797203683591,0.9388396090202012
RandomForestClassifier,roc_auc,0.796657023887793,0.6793667383797569,0.9139473093958291
AdaBoostClassifier,roc_auc,0.7826818978742056,0.6236197094351029,0.9417440863133083
XGBClassifier,roc_auc,0.8436594345825116,0.7582876270549778,0.9290312421100454
LinearDiscriminantAnalysis,roc_auc,0.6818257725180802,0.5346011953205523,0.8290503497156081
SVC,roc_auc,0.7781941705018628,0.6979427277776309,0.8584456132260947
LassoRegression,roc_auc,0.8438312513697129,0.7320699373548554,0.9555925653845705
RidgeRegression,roc_auc,0.8355393381547227,0.7679244755922083,0.9031542007172371
