Model,Scoring,Score,CI-lower,CI-high
ExtraTreesClassifier,roc_auc,0.6269230769230769,0.32179397400117715,0.9320521798449767
RandomForestClassifier,roc_auc,0.6022435897435898,0.241815811155347,0.9626713683318326
AdaBoostClassifier,roc_auc,0.6192307692307693,0.30782863240854913,0.9306329060529894
XGBClassifier,roc_auc,0.4452991452991453,0.125909660846583,0.7646886297517077
LinearDiscriminantAnalysis,roc_auc,0.6712606837606838,0.3756063739848326,0.9669149935365351
SVC,roc_auc,0.6238247863247863,0.2730530538359151,0.9745965188136576
LassoRegression,roc_auc,0.5728632478632478,0.22486536342012853,0.9208611323063671
RidgeRegression,roc_auc,0.6658119658119658,0.25400843711312987,1.0776154945108016
