Model,Scoring,Score,CI-lower,CI-high
ExtraTreesClassifier,roc_auc,0.539995947539051,0.3095569546699734,0.7704349404081285
RandomForestClassifier,roc_auc,0.5421448570586502,0.3818648507061131,0.7024248634111874
AdaBoostClassifier,roc_auc,0.6052645151783083,0.37789462427377407,0.8326344060828424
XGBClassifier,roc_auc,0.5612636310050104,0.32101239175488516,0.8015148702551357
LinearDiscriminantAnalysis,roc_auc,0.5131874447391689,0.3430533879641027,0.6833215015142351
SVC,roc_auc,0.555699233716475,0.36793000308047374,0.7434684643524763
LassoRegression,roc_auc,0.5493928676687297,0.3931116141439167,0.7056741211935428
RidgeRegression,roc_auc,0.5378308281756559,0.39610294174655614,0.6795587146047556
