Model,Scoring,Score,CI-lower,CI-high
ExtraTreesRegressor,neg_mean_squared_error,-0.8509523703621336,-0.9740757960865325,-0.7278289446377346
RandomForestRegressor,neg_mean_squared_error,-0.8427593313317766,-1.0330529335839176,-0.6524657290796356
AdaBoostRegressor,neg_mean_squared_error,-0.8413070363353204,-0.9521993119482225,-0.7304147607224184
XGBRegressor,neg_mean_squared_error,-0.9213423804899502,-1.1217710393393625,-0.7209137216405379
SVR,neg_mean_squared_error,-3.338273265041061,-4.74082253820615,-1.9357239918759717
LassoRegression,neg_mean_squared_error,-0.8399542120019484,-0.9028877167456912,-0.7770207072582056
RidgeRegression,neg_mean_squared_error,-2.3388611288889236,-3.1182243139944124,-1.5594979437834349
