Model,Scoring,Score,CI-lower,CI-high
ExtraTreesClassifier,roc_auc,0.4722622863247863,0.3211153500850013,0.6234092225645713
RandomForestClassifier,roc_auc,0.5453525641025642,0.34417107388678336,0.746534054318345
AdaBoostClassifier,roc_auc,0.5135416666666667,0.16109782683310464,0.8659855065002287
XGBClassifier,roc_auc,0.5355502136752136,0.34929498330431447,0.7218054440461128
LinearDiscriminantAnalysis,roc_auc,0.44368767806267806,0.2716005645548577,0.6157747915704984
SVC,roc_auc,0.4608885327635327,0.1777614381049762,0.7440156274220893
LassoRegression,roc_auc,0.446073717948718,0.17440504692888453,0.7177423889685515
RidgeRegression,roc_auc,0.43590633903133896,0.2604787310531055,0.6113339470095724
