Model,Scoring,Score,CI-lower,CI-high
ExtraTreesClassifier,roc_auc,0.8167925641025642,0.7181584328271,0.9154266953780283
RandomForestClassifier,roc_auc,0.8036926923076922,0.7171750734535575,0.890210311161827
AdaBoostClassifier,roc_auc,0.7820810256410257,0.712274641571911,0.8518874097101403
XGBClassifier,roc_auc,0.843642564102564,0.7520713043545715,0.9352138238505565
LinearDiscriminantAnalysis,roc_auc,0.6983902564102564,0.5662523650955221,0.8305281477249907
SVC,roc_auc,0.7800628205128204,0.6644229783618465,0.8957026626637943
LassoRegression,roc_auc,0.8372333333333334,0.7336891220402452,0.9407775446264216
RidgeRegression,roc_auc,0.8249841025641025,0.700449891040352,0.9495183140878529
