Model,Scoring,Score,CI-lower,CI-high
ExtraTreesClassifier,roc_auc,0.6068390804597701,0.2689555706261797,0.9447225902933605
RandomForestClassifier,roc_auc,0.6209195402298849,0.3633445406019192,0.8784945398578508
AdaBoostClassifier,roc_auc,0.5829885057471265,0.20700300806900834,0.9589740034252445
XGBClassifier,roc_auc,0.5978160919540229,0.21012675047202528,0.9855054334360205
LinearDiscriminantAnalysis,roc_auc,0.6062643678160919,0.2621384725574606,0.9503902630747233
SVC,roc_auc,0.632816091954023,0.322242974556791,0.943389209351255
LassoRegression,roc_auc,0.5618390804597702,0.20525771409075932,0.918420446828781
RidgeRegression,roc_auc,0.6090229885057471,0.14255905825001897,1.0754869187614753
