Model,Scoring,Score,CI-lower,CI-high
ExtraTreesClassifier,roc_auc,0.9994444444444444,0.9961111111111111,1.0027777777777778
RandomForestClassifier,roc_auc,0.9989197530864198,0.9945439978769267,1.003295508295913
AdaBoostClassifier,roc_auc,0.9995283018867924,0.9975147408058387,1.0015418629677462
XGBClassifier,roc_auc,0.9993768926158865,0.9968843270216151,1.0018694582101577
LinearDiscriminantAnalysis,roc_auc,0.8993233170277197,0.7815860348649304,1.017060599190509
SVC,roc_auc,1.0,1.0,1.0
LassoRegression,roc_auc,1.0,1.0,1.0
RidgeRegression,roc_auc,0.999685534591195,0.9977987421383648,1.0015723270440253
