Model,Scoring,Score,CI-lower,CI-high
ExtraTreesClassifier,roc_auc,0.5289902998236331,0.17798740881399877,0.8799931908332674
RandomForestClassifier,roc_auc,0.5426146384479718,0.15464038839172722,0.9305888885042163
AdaBoostClassifier,roc_auc,0.6005731922398589,0.1546293244666183,1.0465170600130995
XGBClassifier,roc_auc,0.606768077601411,0.20676682124235773,1.0067693339604644
LinearDiscriminantAnalysis,roc_auc,0.6008377425044091,0.1699004560320712,1.031775028976747
SVC,roc_auc,0.6231481481481482,0.276011939210962,0.9702843570853344
LassoRegression,roc_auc,0.6188932980599647,0.26439632470384716,0.9733902714160823
RidgeRegression,roc_auc,0.5321649029982364,0.15429716938835458,0.9100326366081182
