Model,Scoring,Score,CI-lower,CI-high
ExtraTreesClassifier,roc_auc,0.6267820399764845,0.5070993652034164,0.7464647147495527
RandomForestClassifier,roc_auc,0.6480149544385656,0.3891417950079479,0.9068881138691833
AdaBoostClassifier,roc_auc,0.5883524397413287,0.3713026543115048,0.8054022251711526
XGBClassifier,roc_auc,0.6366347001763668,0.4459803733719032,0.8272890269808304
LinearDiscriminantAnalysis,roc_auc,0.6183403145208701,0.4168673381413065,0.8198132909004338
SVC,roc_auc,0.6027483833039389,0.4016421702895935,0.8038545963182843
LassoRegression,roc_auc,0.6351006760728983,0.40898543796820686,0.8612159141775898
RidgeRegression,roc_auc,0.6537110523221634,0.3537353072177216,0.9536867974266052
