Model,Scoring,Score,CI-lower,CI-high
ExtraTreesClassifier,roc_auc,0.6159913793103448,0.40182139087371216,0.8301613677469774
RandomForestClassifier,roc_auc,0.6390421455938698,0.38110753856799445,0.8969767526197452
AdaBoostClassifier,roc_auc,0.5609722222222222,0.3118925114906642,0.8100519329537802
XGBClassifier,roc_auc,0.6565277777777778,0.31663757191856384,0.9964179836369917
LinearDiscriminantAnalysis,roc_auc,0.6257998084291188,0.42223107857396197,0.8293685382842755
SVC,roc_auc,0.6114750957854407,0.4399938683860801,0.7829563231848012
LassoRegression,roc_auc,0.6228879310344828,0.3832852570509808,0.8624906050179848
RidgeRegression,roc_auc,0.6670019157088123,0.49227015274842983,0.8417336786691947
