Model,Scoring,Score,CI-lower,CI-high
ExtraTreesClassifier,roc_auc,0.6513888888888889,0.2597911802233519,1.042986597554426
RandomForestClassifier,roc_auc,0.6006944444444444,0.29468152915983153,0.9067073597290574
AdaBoostClassifier,roc_auc,0.5416666666666666,0.24249084404808308,0.8408424892852502
XGBClassifier,roc_auc,0.5305555555555554,0.0894570390826841,0.9716540720284268
LinearDiscriminantAnalysis,roc_auc,0.5097222222222222,0.22534234673830728,0.794102097706137
SVC,roc_auc,0.4930555555555555,-0.05596855059626221,1.0420796617073733
LassoRegression,roc_auc,0.5986111111111111,0.28595374332709483,0.9112684788951273
RidgeRegression,roc_auc,0.5972222222222223,0.3180590105244198,0.8763854339200248
