Model,Scoring,Score,CI-lower,CI-high
ExtraTreesClassifier,roc_auc,0.5407242063492064,0.34933317635994643,0.7321152363384663
RandomForestClassifier,roc_auc,0.5288686236602904,0.3627692448463501,0.6949680024742307
AdaBoostClassifier,roc_auc,0.5717643467643467,0.41737909248006533,0.7261496010486281
XGBClassifier,roc_auc,0.55539360331027,0.3711961714377772,0.7395910351827628
LinearDiscriminantAnalysis,roc_auc,0.4548729819563153,0.3346125897221672,0.5751333741904634
SVC,roc_auc,0.5504036087369422,0.3347185389530045,0.7660886785208798
LassoRegression,roc_auc,0.5029727988061321,0.3396654809282932,0.666280116683971
RidgeRegression,roc_auc,0.5318096255596256,0.38392921533533975,0.6796900357839115
