Model,Scoring,Score,CI-lower,CI-high
ExtraTreesClassifier,roc_auc,0.5133190883190883,0.28574299052631813,0.7408951861118586
RandomForestClassifier,roc_auc,0.5123530982905983,0.14956163007023915,0.8751445665109574
AdaBoostClassifier,roc_auc,0.4784811253561254,0.2827937896790498,0.674168461033201
XGBClassifier,roc_auc,0.4989494301994302,0.28675338664614436,0.7111454737527161
LinearDiscriminantAnalysis,roc_auc,0.46014066951566945,0.2586953146498673,0.6615860243814716
SVC,roc_auc,0.47835648148148147,0.1513495779460951,0.8053633850168678
LassoRegression,roc_auc,0.4367165242165242,0.22946549118643325,0.6439675572466151
RidgeRegression,roc_auc,0.4654914529914529,0.2441426238380557,0.68684028214485
