Model,Scoring,Score,CI-lower,CI-high
ExtraTreesRegressor,neg_mean_squared_error,-0.8247693981304923,-0.9586251775410766,-0.6909136187199081
RandomForestRegressor,neg_mean_squared_error,-0.8400743111437908,-0.9953803120723467,-0.684768310215235
AdaBoostRegressor,neg_mean_squared_error,-0.819598970196225,-0.9058798030313265,-0.7333181373611234
XGBRegressor,neg_mean_squared_error,-0.9252283474216995,-1.2073808022516486,-0.6430758925917504
SVR,neg_mean_squared_error,-3.280874078394137,-5.154608291311053,-1.4071398654772203
Lasso,neg_mean_squared_error,-0.8258105358586862,-0.8847725785149743,-0.7668484932023982
Ridge,neg_mean_squared_error,-2.305203871402722,-3.2506345595863935,-1.3597731832190507
