Model,Scoring,Score,CI-lower,CI-high
ExtraTreesClassifier,roc_auc,0.5887820512820514,0.2452411455170822,0.9323229570470206
RandomForestClassifier,roc_auc,0.572542735042735,0.1600297990681046,0.9850556710173655
AdaBoostClassifier,roc_auc,0.5257478632478632,0.14799999876716063,0.9034957277285657
XGBClassifier,roc_auc,0.5180555555555555,0.13154497083792394,0.904566140273187
LinearDiscriminantAnalysis,roc_auc,0.652991452991453,0.35286211909555315,0.9531207868873528
SVC,roc_auc,0.6364316239316239,0.3087315111122183,0.9641317367510295
LassoRegression,roc_auc,0.6226495726495727,0.3572019976412488,0.8880971476578965
RidgeRegression,roc_auc,0.6433760683760683,0.24192952771906012,1.0448226090330766
