Model,Scoring,Score,CI-lower,CI-high
ExtraTreesClassifier,roc_auc,0.5833333333333334,0.23428259239000515,0.9323840742766616
RandomForestClassifier,roc_auc,0.5888888888888888,0.2392969751196492,0.9384808026581284
AdaBoostClassifier,roc_auc,0.6111111111111112,0.16097395780100787,1.0612482644212144
XGBClassifier,roc_auc,0.6583333333333334,0.37581817477575297,0.9408484918909139
LinearDiscriminantAnalysis,roc_auc,0.5402777777777777,0.048925084556500686,1.0316304709990547
SVC,roc_auc,0.5680555555555555,0.128420114550563,1.007690996560548
LassoRegression,roc_auc,0.5222222222222223,0.12330393175519466,0.9211405126892498
RidgeRegression,roc_auc,0.5361111111111112,0.08218448409298906,0.9900377381292333
