Model,Scoring,Score,CI-lower,CI-high
ExtraTreesClassifier,roc_auc,0.8744253682334178,0.7603755240178214,0.9884752124490142
RandomForestClassifier,roc_auc,0.8740519748569284,0.7827821166087643,0.9653218331050926
AdaBoostClassifier,roc_auc,0.8528433717984802,0.7912964603504733,0.9143902832464872
XGBClassifier,roc_auc,0.8805643118491415,0.7805679442005633,0.9805606794977197
LinearDiscriminantAnalysis,roc_auc,0.7111942959001782,0.5622056254341846,0.8601829663661719
SVC,roc_auc,0.8608542077117928,0.8045066400572644,0.9172017753663212
LassoRegression,roc_auc,0.8915517403133502,0.8136803440598436,0.9694231365668567
RidgeRegression,roc_auc,0.8959921193357726,0.8266250379326825,0.9653592007388627
