Model,Scoring,Score,CI-lower,CI-high
ExtraTreesClassifier,roc_auc,0.8791776315789473,0.7880662661351127,0.970288997022782
RandomForestClassifier,roc_auc,0.8801278409090909,0.7635142009837566,0.9967414808344253
AdaBoostClassifier,roc_auc,0.8510977372408293,0.73733924561843,0.9648562288632285
XGBClassifier,roc_auc,0.8990144039074959,0.7938133883040583,1.0042154195109334
LinearDiscriminantAnalysis,roc_auc,0.7438760964912281,0.6409889063761279,0.8467632866063283
SVC,roc_auc,0.8637435207336523,0.7706557972850909,0.9568312441822138
LassoRegression,roc_auc,0.8829338616427431,0.8186228174749256,0.9472449058105606
RidgeRegression,roc_auc,0.8882316586921849,0.7967910171076946,0.9796723002766752
