Model,Scoring,Score,CI-lower,CI-high
ExtraTreesClassifier,roc_auc,0.9349195892674154,0.8635312591857236,1.0063079193491071
RandomForestClassifier,roc_auc,0.9442210667754146,0.8878573336093596,1.0005847999414696
AdaBoostClassifier,roc_auc,0.9371766317418493,0.87397965695037,1.0003736065333284
XGBClassifier,roc_auc,0.947352667461363,0.8981409592657736,0.9965643756569524
LinearDiscriminantAnalysis,roc_auc,0.7955486542443064,0.7336079600413487,0.8574893484472642
SVC,roc_auc,0.9273414789719137,0.840437630135225,1.0142453278086023
LassoRegression,roc_auc,0.9433517368299977,0.876917479667961,1.0097859939920346
RidgeRegression,roc_auc,0.9452041115084594,0.874198377375869,1.0162098456410498
