Model,Scoring,Score,CI-lower,CI-high
ExtraTreesClassifier,roc_auc,0.9435999487629922,0.8757716680709898,1.0114282294549946
RandomForestClassifier,roc_auc,0.9403984200179852,0.8727952677309202,1.0080015723050504
AdaBoostClassifier,roc_auc,0.9321891272978231,0.8680123148157448,0.9963659397799014
XGBClassifier,roc_auc,0.9508624024928374,0.8854522108474032,1.0162725941382715
LinearDiscriminantAnalysis,roc_auc,0.8128168329255285,0.6914967135923583,0.9341369522586987
SVC,roc_auc,0.9255900098291402,0.8500243671879909,1.0011556524702896
LassoRegression,roc_auc,0.9494298575820317,0.8779109604486817,1.0209487547153817
RidgeRegression,roc_auc,0.932447403643056,0.8681938530449821,0.9967009542411299
