Model,Scoring,Score,CI-lower,CI-high
ExtraTreesClassifier,roc_auc,0.5768021680216803,0.3417229338301566,0.8118814022132039
RandomForestClassifier,roc_auc,0.5648780487804878,0.3741308902563599,0.7556252073046156
AdaBoostClassifier,roc_auc,0.564369918699187,0.3312640390942083,0.7974757983041656
XGBClassifier,roc_auc,0.636869918699187,0.4428080891603834,0.8309317482379905
LinearDiscriminantAnalysis,roc_auc,0.509979674796748,0.2876415956551223,0.7323177539383736
SVC,roc_auc,0.5806639566395664,0.3572660471159119,0.8040618661632208
LassoRegression,roc_auc,0.6223915989159892,0.42784038558266224,0.8169428122493161
RidgeRegression,roc_auc,0.5808943089430894,0.4697280360339068,0.6920605818522719
