Model,Scoring,Score,CI-lower,CI-high
ExtraTreesClassifier,roc_auc,0.9989098039215687,0.994521458236157,1.0032981496069804
RandomForestClassifier,roc_auc,0.9985294117647058,0.989705882352941,1.0073529411764706
AdaBoostClassifier,roc_auc,0.999,0.993,1.005
XGBClassifier,roc_auc,0.9974000000000001,0.9860792226415321,1.008720777358468
LinearDiscriminantAnalysis,roc_auc,0.9788392156862745,0.9542898402581698,1.0033885911143794
SVC,roc_auc,0.9952,0.975669511014826,1.0147304889851738
LassoRegression,roc_auc,0.998,0.986,1.01
RidgeRegression,roc_auc,0.9992000000000001,0.9944000000000001,1.004
