Model,Scoring,Score,CI-lower,CI-high
ExtraTreesClassifier,roc_auc,0.5873252314814815,0.2926213046365652,0.8820291583263978
RandomForestClassifier,roc_auc,0.5527418981481482,0.36028766921273314,0.7451961270835633
AdaBoostClassifier,roc_auc,0.546875,0.3305605773624536,0.7631894226375464
XGBClassifier,roc_auc,0.5601990740740741,0.32389487633668146,0.7965032718114667
LinearDiscriminantAnalysis,roc_auc,0.5886990740740741,0.39693364416101756,0.7804645039871305
SVC,roc_auc,0.5645486111111111,0.3198610713100082,0.809236150912214
LassoRegression,roc_auc,0.5659259259259259,0.25332088665182684,0.878530965200025
RidgeRegression,roc_auc,0.5747800925925926,0.292180328677894,0.8573798565072911
