Model,Scoring,Score,CI-lower,CI-high
ExtraTreesClassifier,roc_auc,0.5469566993464052,0.3356927820820762,0.7582206166107343
RandomForestClassifier,roc_auc,0.5457567401960783,0.272018886582258,0.8194945938098988
AdaBoostClassifier,roc_auc,0.6211652369281045,0.36999760529127906,0.8723328685649301
XGBClassifier,roc_auc,0.5577869689542483,0.2748593188279947,0.8407146190805019
LinearDiscriminantAnalysis,roc_auc,0.5640727124183006,0.34259662609138664,0.7855487987452145
SVC,roc_auc,0.5463745915032681,0.33087983748056704,0.7618693455259691
LassoRegression,roc_auc,0.5152113970588236,0.27091163729784523,0.7595111568198019
RidgeRegression,roc_auc,0.49633884803921563,0.17556882439031674,0.8171088716881145
