Model,Scoring,Score,CI-lower,CI-high
ExtraTreesClassifier,roc_auc,0.5975347222222221,0.41032186338531185,0.7847475810591324
RandomForestClassifier,roc_auc,0.5419444444444446,0.43039115761492464,0.6534977312739645
AdaBoostClassifier,roc_auc,0.5861111111111112,0.43178561734973897,0.7404366048724835
XGBClassifier,roc_auc,0.5919791666666667,0.3219889458646834,0.86196938746865
LinearDiscriminantAnalysis,roc_auc,0.5067708333333333,0.2581001293490044,0.7554415373176622
SVC,roc_auc,0.565763888888889,0.4244297885022563,0.7070979892755216
LassoRegression,roc_auc,0.5957638888888888,0.3707274977988812,0.8208002799788963
RidgeRegression,roc_auc,0.5932638888888888,0.3666867262088249,0.8198410515689527
