Model,Scoring,Score,CI-lower,CI-high
ExtraTreesClassifier,roc_auc,0.5284039351851851,0.38004104306208497,0.6767668273082853
RandomForestClassifier,roc_auc,0.5113645833333333,0.30540382404288424,0.7173253426237824
AdaBoostClassifier,roc_auc,0.5392175925925926,0.251516173764413,0.8269190114207723
XGBClassifier,roc_auc,0.5543518518518519,0.30975895360855404,0.7989447500951496
LinearDiscriminantAnalysis,roc_auc,0.48953240740740733,0.31487437168899246,0.6641904431258222
SVC,roc_auc,0.5697523148148147,0.3700511147823409,0.7694535148472885
LassoRegression,roc_auc,0.5865972222222222,0.4473126669817641,0.7258817774626803
RidgeRegression,roc_auc,0.522037037037037,0.31202292816354743,0.7320511459105266
