Model,Scoring,Score,CI-lower,CI-high
ExtraTreesClassifier,roc_auc,0.6104788602941176,0.44709826516570506,0.7738594554225301
RandomForestClassifier,roc_auc,0.5711954656862746,0.4777389051540834,0.6646520262184656
AdaBoostClassifier,roc_auc,0.5473823529411765,0.34951445109956836,0.7452502547827847
XGBClassifier,roc_auc,0.6410857843137255,0.4153679640340222,0.8668036045934289
LinearDiscriminantAnalysis,roc_auc,0.6146360294117648,0.4709514028972128,0.7583206559263167
SVC,roc_auc,0.5939650735294117,0.41906481785660765,0.7688653292022158
LassoRegression,roc_auc,0.6367512254901961,0.45376051426670483,0.8197419367136874
RidgeRegression,roc_auc,0.642375,0.4776152807226318,0.8071347192773682
