Model,Scoring,Score,CI-lower,CI-high
ExtraTreesClassifier,roc_auc,0.6126207107843137,0.3845739553725186,0.8406674661961088
RandomForestClassifier,roc_auc,0.5913406862745099,0.4313728093334499,0.7513085632155698
AdaBoostClassifier,roc_auc,0.6051825980392157,0.4486579419141896,0.7617072541642418
XGBClassifier,roc_auc,0.6013296568627451,0.3633299484696183,0.8393293652558719
LinearDiscriminantAnalysis,roc_auc,0.5620612745098039,0.41560104156106165,0.7085215074585463
SVC,roc_auc,0.6228204656862744,0.37029300035164986,0.8753479310208989
LassoRegression,roc_auc,0.653032475490196,0.5227437165394636,0.7833212344409285
RidgeRegression,roc_auc,0.6328651960784314,0.4588087000399415,0.8069216921169213
