Model,Scoring,Score,CI-lower,CI-high
ExtraTreesClassifier,roc_auc,0.5274254493464052,0.2723803566575741,0.7824705420352364
RandomForestClassifier,roc_auc,0.4438342524509804,0.20367631355871646,0.6839921913432443
AdaBoostClassifier,roc_auc,0.6294475081699347,0.523655032219001,0.7352399841208683
XGBClassifier,roc_auc,0.5168760212418301,0.38316238084294185,0.6505896616407183
LinearDiscriminantAnalysis,roc_auc,0.535906862745098,0.2221890725143677,0.8496246529758283
SVC,roc_auc,0.5387254901960784,0.3724577843443069,0.7049931960478499
LassoRegression,roc_auc,0.5418147467320262,0.3579405397900939,0.7256889536739586
RidgeRegression,roc_auc,0.5160232843137255,0.3571830594736729,0.674863509153778
