Model,Scoring,Score,CI-lower,CI-high
ExtraTreesClassifier,roc_auc,0.5638071895424835,0.18169701439123187,0.9459173646937352
RandomForestClassifier,roc_auc,0.5571895424836601,0.1389252722113753,0.975453812755945
AdaBoostClassifier,roc_auc,0.36568627450980384,0.03662937986045672,0.694743169159151
XGBClassifier,roc_auc,0.5645424836601307,0.04069279826617056,1.088392169054091
LinearDiscriminantAnalysis,roc_auc,0.48643790849673196,-0.022582039235714446,0.9954578562291784
SVC,roc_auc,0.5926470588235293,0.1439837634487962,1.0413103541982625
LassoRegression,roc_auc,0.6259803921568626,0.36571155996755783,0.8862492243461675
RidgeRegression,roc_auc,0.5851307189542483,0.2324061121967581,0.9378553257117385
