Model,Scoring,Score,CI-lower,CI-high
ExtraTreesRegressor,neg_mean_squared_error,-0.6829658281227278,-1.1394382860140952,-0.22649337023136024
RandomForestRegressor,neg_mean_squared_error,-0.7174622655227572,-1.0228695609036669,-0.41205497014184744
AdaBoostRegressor,neg_mean_squared_error,-0.6615545209556444,-0.9392875252284505,-0.3838215166828383
XGBRegressor,neg_mean_squared_error,-0.8723555502502076,-1.362724969092982,-0.3819861314074334
SVR,neg_mean_squared_error,-1.6528095983331692,-2.500628058305238,-0.8049911383611005
LassoRegression,neg_mean_squared_error,-0.9694292706543906,-1.1564003124842412,-0.78245822882454
RidgeRegression,neg_mean_squared_error,-1.2643864479920666,-1.9200150786714927,-0.6087578173126406
