Model,Scoring,Score,CI-lower,CI-high
ExtraTreesRegressor,neg_mean_squared_error,-0.723516649701905,-1.0101346610460809,-0.43689863835772924
RandomForestRegressor,neg_mean_squared_error,-0.721049876399593,-0.9081309738977541,-0.5339687789014318
AdaBoostRegressor,neg_mean_squared_error,-0.6753070557392004,-1.0211155058486634,-0.3294986056297374
XGBRegressor,neg_mean_squared_error,-0.9647721635570278,-1.3150996404509858,-0.6144446866630697
SVR,neg_mean_squared_error,-1.6999759421505964,-2.384187422974964,-1.0157644613262287
LassoRegression,neg_mean_squared_error,-0.9694292706543906,-1.1564003124842412,-0.78245822882454
RidgeRegression,neg_mean_squared_error,-1.3156260788324874,-2.071510142126159,-0.559742015538816
