Model,Scoring,Score,CI-lower,CI-high
ExtraTreesRegressor,neg_mean_squared_error,-0.6958740729969464,-1.115622558080274,-0.27612558791361874
RandomForestRegressor,neg_mean_squared_error,-0.7075989530318452,-1.045073247200672,-0.3701246588630183
AdaBoostRegressor,neg_mean_squared_error,-0.6346611672005205,-0.8937431022595594,-0.3755792321414814
XGBRegressor,neg_mean_squared_error,-0.8335354344816428,-1.158903178239845,-0.5081676907234407
SVR,neg_mean_squared_error,-1.6439527960684797,-2.785528849146903,-0.5023767429900565
LassoRegression,neg_mean_squared_error,-0.9694292706543906,-1.1564003124842412,-0.78245822882454
RidgeRegression,neg_mean_squared_error,-1.3336001481638766,-2.2071845704767377,-0.4600157258510156
