Model,Scoring,Score,CI-lower,CI-high
ExtraTreesClassifier,roc_auc,0.7454901960784315,0.5250049041949425,0.9659754879619205
RandomForestClassifier,roc_auc,0.7533660130718954,0.4604799861171447,1.0462520400266462
AdaBoostClassifier,roc_auc,0.7862745098039216,0.5510995218062422,1.0214494978016009
XGBClassifier,roc_auc,0.7858169934640522,0.4892565927787186,1.0823773941493857
LinearDiscriminantAnalysis,roc_auc,0.7301307189542483,0.39197897530300574,1.0682824626054908
SVC,roc_auc,0.7028104575163399,0.47049080517549646,0.9351301098571833
LassoRegression,roc_auc,0.8097385620915034,0.5995926880103,1.0198844361727069
RidgeRegression,roc_auc,0.726797385620915,0.40519209518742866,1.0484026760544014
