Model,Scoring,Score,CI-lower,CI-high
ExtraTreesClassifier,roc_auc,0.5700000000000001,-0.07062469512187863,1.2106246951218789
RandomForestClassifier,roc_auc,0.3783333333333333,-0.124558305093873,0.8812249717605396
AdaBoostClassifier,roc_auc,0.5466666666666666,-0.045279276811283076,1.1386126101446163
XGBClassifier,roc_auc,0.4633333333333334,-0.04826546781199126,0.974932134478658
LinearDiscriminantAnalysis,roc_auc,0.4699999999999999,-0.24582120672693125,1.1858212067269311
SVC,roc_auc,0.65,0.2095456890890952,1.0904543109109048
LassoRegression,roc_auc,0.4366666666666667,-0.19610501411558828,1.0694383474489217
RidgeRegression,roc_auc,0.4800000000000001,-0.09827329179203825,1.0582732917920383
