Model,Scoring,Score,CI-lower,CI-high
ExtraTreesRegressor,neg_mean_squared_error,-0.6816454849498328,-0.8552859919854404,-0.5080049779142252
RandomForestRegressor,neg_mean_squared_error,-0.7263146720953905,-1.0930170456116948,-0.3596122985790861
AdaBoostRegressor,neg_mean_squared_error,-0.7373996475663872,-1.1684738791588714,-0.3063254159739031
XGBRegressor,neg_mean_squared_error,-1.0001997214563363,-1.5081234384407187,-0.49227600447195397
SVR,neg_mean_squared_error,-1.4591777326691946,-1.9436007350814382,-0.974754730256951
Lasso,neg_mean_squared_error,-0.9694292706543906,-1.1564003124842412,-0.78245822882454
Ridge,neg_mean_squared_error,-1.3949819809170063,-2.0280559654022907,-0.7619079964317221
