Model,Scoring,Score,CI-lower,CI-high
ExtraTreesClassifier,roc_auc,0.6358333333333334,0.22486902020302446,1.0467976464636424
RandomForestClassifier,roc_auc,0.575,0.08233152909667307,1.0676684709033268
AdaBoostClassifier,roc_auc,0.8100000000000002,0.39575369645584063,1.2242463035441598
XGBClassifier,roc_auc,0.8116666666666668,0.48166666666666674,1.1416666666666668
LinearDiscriminantAnalysis,roc_auc,0.6066666666666667,0.26962067573961235,0.943712657593721
SVC,roc_auc,0.625,0.16185855292362356,1.0881414470763764
LassoRegression,roc_auc,0.6033333333333333,0.09173453218800875,1.1149321344786578
RidgeRegression,roc_auc,0.6066666666666667,0.1133333333333334,1.1
