Model,Scoring,Score,CI-lower,CI-high
ExtraTreesClassifier,roc_auc,0.8696078431372548,0.5791998653870805,1.1600158208874292
RandomForestClassifier,roc_auc,0.8702614379084966,0.584474555032718,1.1560483207842753
AdaBoostClassifier,roc_auc,0.6666666666666667,0.10142998802354619,1.2319033453097874
XGBClassifier,roc_auc,0.8761437908496731,0.6584378575772136,1.0938497241221325
LinearDiscriminantAnalysis,roc_auc,0.9676470588235293,0.8273310536249815,1.1079630640220772
SVC,roc_auc,0.9098039215686274,0.6751970821781016,1.1444107609591534
LassoRegression,roc_auc,0.9326797385620914,0.7287581699346404,1.1366013071895424
RidgeRegression,roc_auc,0.8856209150326798,0.5111162440895167,1.260125585975843
