Model,Scoring,Score,CI-lower,CI-high
ExtraTreesClassifier,roc_auc,0.5650000000000001,0.026390679620190816,1.1036093203798094
RandomForestClassifier,roc_auc,0.51,-0.246042326857432,1.266042326857432
AdaBoostClassifier,roc_auc,0.5133333333333333,-0.014302904997583465,1.0409695716642502
XGBClassifier,roc_auc,0.5366666666666665,0.15317394617947566,0.9201593871538574
LinearDiscriminantAnalysis,roc_auc,0.4633333333333334,-0.16095292579250497,1.0876195924591716
SVC,roc_auc,0.5166666666666667,-0.12156004331446002,1.1548933766477933
LassoRegression,roc_auc,0.53,0.01580159471270237,1.0441984052872977
RidgeRegression,roc_auc,0.5633333333333332,-0.12398027776425014,1.2506469444309167
