Model,Scoring,Score,CI-lower,CI-high
ExtraTreesClassifier,roc_auc,0.7600980392156864,0.5879181880450843,0.9322778903862885
RandomForestClassifier,roc_auc,0.7419934640522876,0.4959228446934349,0.9880640834111403
AdaBoostClassifier,roc_auc,0.7870588235294118,0.5923816518786345,0.9817359951801892
XGBClassifier,roc_auc,0.8112418300653594,0.6177991532741399,1.004684506856579
LinearDiscriminantAnalysis,roc_auc,0.7752287581699345,0.5654922837629894,0.9849652325768796
SVC,roc_auc,0.7602614379084967,0.505463537245229,1.0150593385717643
LassoRegression,roc_auc,0.7830065359477124,0.5438337121867656,1.0221793597086593
RidgeRegression,roc_auc,0.7586928104575164,0.5652209858476985,0.9521646350673342
