Model,Scoring,Score,CI-lower,CI-high
ExtraTreesClassifier,roc_auc,0.6783333333333335,0.32492139239188766,1.0317452742747792
RandomForestClassifier,roc_auc,0.6516666666666666,0.15290152487479414,1.150431808458539
AdaBoostClassifier,roc_auc,0.7750000000000001,0.47713724263979873,1.0728627573602014
XGBClassifier,roc_auc,0.7516666666666667,0.3257167478577376,1.1776165854755958
LinearDiscriminantAnalysis,roc_auc,0.595,0.325,0.865
SVC,roc_auc,0.65,0.2809170523822291,1.019082947617771
LassoRegression,roc_auc,0.6416666666666667,0.18141311335791355,1.10192021997542
RidgeRegression,roc_auc,0.585,0.06251661376758688,1.107483386232413
