Model,Scoring,Score,CI-lower,CI-high
ExtraTreesClassifier,roc_auc,0.725,0.0021583852599519338,1.4478416147400481
RandomForestClassifier,roc_auc,0.7166666666666667,0.30033346677344014,1.1329998665598933
AdaBoostClassifier,roc_auc,0.6,-0.24261497731763604,1.442614977317636
XGBClassifier,roc_auc,0.8166666666666668,0.41666666666666674,1.2166666666666668
LinearDiscriminantAnalysis,roc_auc,0.825,0.37499999999999994,1.275
SVC,roc_auc,0.75,0.3027864045000421,1.1972135954999579
LassoRegression,roc_auc,0.75,0.20227744249483393,1.297722557505166
RidgeRegression,roc_auc,0.8416666666666668,0.4303679106915646,1.252965422641769
