Model,Scoring,Score,CI-lower,CI-high
ExtraTreesClassifier,roc_auc,0.690093954248366,0.5502696281909996,0.8299182803057323
RandomForestClassifier,roc_auc,0.7024509803921569,0.5544131173502476,0.8504888434340663
AdaBoostClassifier,roc_auc,0.7463643790849673,0.5491683369120665,0.9435604212578682
XGBClassifier,roc_auc,0.6970996732026145,0.5084604114312767,0.8857389349739522
LinearDiscriminantAnalysis,roc_auc,0.63484477124183,0.4010908336526216,0.8685987088310385
SVC,roc_auc,0.6273692810457515,0.4131256779730832,0.8416128841184198
LassoRegression,roc_auc,0.6477532679738561,0.514501633986928,0.7810049019607842
RidgeRegression,roc_auc,0.6355800653594771,0.4438546754006744,0.8273054553182797
