Model,Scoring,Score,CI-lower,CI-high
ExtraTreesClassifier,roc_auc,0.995945945945946,0.984543230751498,1.0073486611403941
RandomForestClassifier,roc_auc,0.9954480796586059,0.981905997107763,1.0089901622094488
AdaBoostClassifier,roc_auc,0.9962446657183499,0.979508618893009,1.0129807125436907
XGBClassifier,roc_auc,0.9983783783783784,0.9914560819054781,1.0053006748512787
LinearDiscriminantAnalysis,roc_auc,0.9832716927453771,0.9579138804992346,1.0086295049915195
SVC,roc_auc,0.998918918918919,0.9924324324324326,1.0054054054054054
LassoRegression,roc_auc,0.9962162162162163,0.9808892466175592,1.0115431858148733
RidgeRegression,roc_auc,0.9983783783783784,0.9914560819054781,1.0053006748512787
