Model,Scoring,Score,CI-lower,CI-high
ExtraTreesClassifier,roc_auc,0.5408950617283951,0.1817539490438379,0.9000361744129523
RandomForestClassifier,roc_auc,0.5077160493827161,0.2731989171250505,0.7422331816403817
AdaBoostClassifier,roc_auc,0.4649691358024691,0.17812780467053158,0.7518104669344067
XGBClassifier,roc_auc,0.5149691358024692,0.2861904706245213,0.743747800980417
LinearDiscriminantAnalysis,roc_auc,0.4771604938271604,0.29331347684951803,0.6610075108048028
SVC,roc_auc,0.5141975308641975,0.1938432174151592,0.8345518443132358
LassoRegression,roc_auc,0.4688271604938271,0.14729746620841555,0.7903568547792387
RidgeRegression,roc_auc,0.49027777777777776,0.19972434672542155,0.7808312088301339
