Model,Scoring,Score,CI-lower,CI-high
ExtraTreesClassifier,roc_auc,0.6811070261437908,0.5315601663389833,0.8306538859485983
RandomForestClassifier,roc_auc,0.7079248366013072,0.5771721857156964,0.8386774874869181
AdaBoostClassifier,roc_auc,0.6841503267973856,0.46727870772646307,0.9010219458683082
XGBClassifier,roc_auc,0.6885212418300654,0.4911814637650499,0.8858610198950808
LinearDiscriminantAnalysis,roc_auc,0.618545751633987,0.4102006282972138,0.8268908749707601
SVC,roc_auc,0.630187908496732,0.34240526878608846,0.9179705482073756
LassoRegression,roc_auc,0.6470588235294119,0.47172509744516855,0.8223925496136553
RidgeRegression,roc_auc,0.6276143790849673,0.4004328374491841,0.8547959207207505
