Model,Scoring,Score,CI-lower,CI-high
ExtraTreesClassifier,roc_auc,0.8018356643356643,0.6505187262992672,0.9531526023720615
RandomForestClassifier,roc_auc,0.8141748251748251,0.5833185771180333,1.045031073231617
AdaBoostClassifier,roc_auc,0.8414265734265735,0.7517212304428259,0.931131916410321
XGBClassifier,roc_auc,0.8614643356643358,0.7553172494113628,0.9676114219173088
LinearDiscriminantAnalysis,roc_auc,0.8158237762237762,0.675316209996723,0.9563313424508294
SVC,roc_auc,0.8832629370629371,0.7445221576536591,1.022003716472215
LassoRegression,roc_auc,0.8997314685314685,0.8512697160621885,0.9481932210007484
RidgeRegression,roc_auc,0.8796741258741259,0.7590699999740698,1.000278251774182
