Model,Scoring,Score,CI-lower,CI-high
ExtraTreesClassifier,roc_auc,0.642483660130719,0.4207576546542537,0.8642096656071843
RandomForestClassifier,roc_auc,0.6001225490196078,0.3953479165513144,0.8048971814879012
AdaBoostClassifier,roc_auc,0.49375,0.3176822976797471,0.669817702320253
XGBClassifier,roc_auc,0.5977941176470589,0.3890628560034369,0.806525379290681
LinearDiscriminantAnalysis,roc_auc,0.48464052287581705,0.24862153232045425,0.7206595134311798
SVC,roc_auc,0.5820669934640522,0.2669538853074411,0.8971801016206633
LassoRegression,roc_auc,0.5411356209150326,0.3581947297648209,0.7240765120652444
RidgeRegression,roc_auc,0.5361928104575163,0.39456836612340923,0.6778172547916235
