Model,Scoring,Score,CI-lower,CI-high
ExtraTreesClassifier,roc_auc,0.6187704248366013,0.3876714902467521,0.8498693594264504
RandomForestClassifier,roc_auc,0.5866217320261438,0.41473900037390166,0.7585044636783859
AdaBoostClassifier,roc_auc,0.4858455882352941,0.2764490278031706,0.6952421486674176
XGBClassifier,roc_auc,0.6068218954248366,0.3852351785730853,0.8284086122765878
LinearDiscriminantAnalysis,roc_auc,0.5176470588235293,0.23181122636888202,0.8034828912781766
SVC,roc_auc,0.5551062091503268,0.3943330007754137,0.7158794175252399
LassoRegression,roc_auc,0.5653186274509803,0.34845573399899477,0.7821815209029658
RidgeRegression,roc_auc,0.5602124183006535,0.3168492225395674,0.8035756140617396
