Model,Scoring,Score,CI-lower,CI-high
ExtraTreesClassifier,roc_auc,0.7913741258741258,0.6286349139344601,0.9541133378137915
RandomForestClassifier,roc_auc,0.8412867132867132,0.6822392473055368,1.0003341792678897
AdaBoostClassifier,roc_auc,0.8036643356643356,0.696180963737125,0.9111477075915462
XGBClassifier,roc_auc,0.8505650349650351,0.7120806702717177,0.9890493996583525
LinearDiscriminantAnalysis,roc_auc,0.820718881118881,0.6595133764328961,0.981924385804866
SVC,roc_auc,0.8858027972027973,0.7617819442728764,1.0098236501327182
LassoRegression,roc_auc,0.8860853146853147,0.7915310796066362,0.9806395497639933
RidgeRegression,roc_auc,0.8991286713286714,0.8210776424049936,0.9771797002523491
