Model,Scoring,Score,CI-lower,CI-high
ExtraTreesClassifier,roc_auc,0.9935135135135134,0.9783783783783783,1.0086486486486486
RandomForestClassifier,roc_auc,0.9935135135135136,0.9735500699323034,1.0134769570947237
AdaBoostClassifier,roc_auc,0.9972972972972973,0.9862195126854492,1.0083750819091455
XGBClassifier,roc_auc,0.9946372688477952,0.9794674938376166,1.0098070438579738
LinearDiscriminantAnalysis,roc_auc,0.9876529160739688,0.9539908188382749,1.0213150133096627
SVC,roc_auc,0.9984068278805122,0.9916351291963303,1.005178526564694
LassoRegression,roc_auc,0.9972972972972973,0.9862195126854492,1.0083750819091455
RidgeRegression,roc_auc,0.9983783783783784,0.9914560819054781,1.0053006748512787
