Model,Scoring,Score,CI-lower,CI-high
ExtraTreesClassifier,roc_auc,0.564514652014652,0.36878311055303326,0.7602461934762708
RandomForestClassifier,roc_auc,0.6249885531135531,0.4108939390652912,0.8390831671618149
AdaBoostClassifier,roc_auc,0.6181891025641025,0.4651603274620388,0.7712178776661662
XGBClassifier,roc_auc,0.6977907509157508,0.5307037070393542,0.8648777947921474
LinearDiscriminantAnalysis,roc_auc,0.6618475274725275,0.41130021799367966,0.9123948369513754
SVC,roc_auc,0.6101419413919414,0.35335436252904695,0.8669295202548359
LassoRegression,roc_auc,0.6420558608058609,0.49646942856217624,0.7876422930495455
RidgeRegression,roc_auc,0.6641712454212454,0.451929849350417,0.8764126414920738
