Model,Scoring,Score,CI-lower,CI-high
ExtraTreesClassifier,roc_auc,0.5659774593598124,0.40118383643809113,0.7307710822815336
RandomForestClassifier,roc_auc,0.5990426512485336,0.4192278377633144,0.7788574647337528
AdaBoostClassifier,roc_auc,0.559173370202782,0.31555141823839084,0.8027953221671732
XGBClassifier,roc_auc,0.5575414781297134,0.3106677491437152,0.8044152071157117
LinearDiscriminantAnalysis,roc_auc,0.6103255404725993,0.4230136056359841,0.7976374753092146
SVC,roc_auc,0.6044389978213508,0.3698687370596698,0.8390092585830318
LassoRegression,roc_auc,0.5861530082118318,0.47749217161746993,0.6948138448061937
RidgeRegression,roc_auc,0.5812091503267973,0.44124679466023026,0.7211715059933643
