Model,Scoring,Score,CI-lower,CI-high
ExtraTreesRegressor,neg_mean_squared_error,-0.8251750024919167,-0.9572132355091929,-0.6931367694746404
RandomForestRegressor,neg_mean_squared_error,-0.8282791436200816,-0.9437929418848333,-0.7127653453553299
AdaBoostRegressor,neg_mean_squared_error,-0.8383155850714241,-1.0044077774953908,-0.6722233926474576
XGBRegressor,neg_mean_squared_error,-0.9039075942541299,-1.1264615167795433,-0.6813536717287166
SVR,neg_mean_squared_error,-1.8929717663035308,-2.5534151971452737,-1.2325283354617877
Lasso,neg_mean_squared_error,-0.8708022586678501,-0.918953362439266,-0.8226511548964343
Ridge,neg_mean_squared_error,-1.5255576974635001,-2.1768710226589003,-0.8742443722680998
