Model,Scoring,Score,CI-lower,CI-high
ExtraTreesRegressor,neg_mean_squared_error,-0.8320158102766797,-0.9520988442429928,-0.7119327763103666
RandomForestRegressor,neg_mean_squared_error,-0.8323459548223253,-0.9814862559732865,-0.6832056536713641
AdaBoostRegressor,neg_mean_squared_error,-0.8181500667443977,-0.9850958466805538,-0.6512042868082416
XGBRegressor,neg_mean_squared_error,-0.8253505331702217,-1.0413011799088618,-0.6093998864315816
SVR,neg_mean_squared_error,-2.0055932657726325,-2.9169817160475118,-1.0942048154977535
LassoRegression,neg_mean_squared_error,-0.8689531620704922,-0.9335909585507152,-0.8043153655902693
RidgeRegression,neg_mean_squared_error,-1.3887216758490468,-1.8548902769830913,-0.9225530747150024
