Model,Scoring,Score,CI-lower,CI-high
ExtraTreesClassifier,roc_auc,0.7005621693121692,0.32710435107762753,1.074019987546711
RandomForestClassifier,roc_auc,0.7092757936507936,0.38927958218949477,1.0292720051120925
AdaBoostClassifier,roc_auc,0.7191137566137566,0.5353386069918784,0.9028889062356349
XGBClassifier,roc_auc,0.8053902116402117,0.549126942222395,1.0616534810580285
LinearDiscriminantAnalysis,roc_auc,0.7688492063492063,0.5190618818449528,1.0186365308534597
SVC,roc_auc,0.8083994708994708,0.6551462424564175,0.9616526993425242
LassoRegression,roc_auc,0.7911044973544973,0.5309560905505919,1.0512529041584027
RidgeRegression,roc_auc,0.8251322751322752,0.5394246032511532,1.1108399470133972
