Model,Scoring,Score,CI-lower,CI-high
ExtraTreesClassifier,roc_auc,0.6483291562238931,0.4508339553110811,0.845824357136705
RandomForestClassifier,roc_auc,0.608876357560568,0.483206015511765,0.734546699609371
AdaBoostClassifier,roc_auc,0.6926482873851295,0.49778649463993757,0.8875100801303215
XGBClassifier,roc_auc,0.6775271512113619,0.50028141622968,0.8547728861930437
LinearDiscriminantAnalysis,roc_auc,0.7026315789473685,0.5482572552281012,0.8570059026666358
SVC,roc_auc,0.6735588972431077,0.4080746893419524,0.9390431051442629
LassoRegression,roc_auc,0.7152046783625731,0.4726162865708148,0.9577930701543313
RidgeRegression,roc_auc,0.702422723475355,0.5589594999174283,0.8458859470332816
