Model,Scoring,Score,CI-lower,CI-high
ExtraTreesClassifier,roc_auc,0.6319016495487083,0.46099635335435674,0.8028069457430599
RandomForestClassifier,roc_auc,0.648937908496732,0.45851118442833216,0.8393646325651319
AdaBoostClassifier,roc_auc,0.6829637410519763,0.421369241680238,0.9445582404237147
XGBClassifier,roc_auc,0.7310535325241208,0.5833870418949647,0.8787200231532768
LinearDiscriminantAnalysis,roc_auc,0.710799875505758,0.5627531621201611,0.8588465888913548
SVC,roc_auc,0.6919545596016184,0.4544380585557911,0.9294710606474458
LassoRegression,roc_auc,0.7375816993464053,0.5963537600729141,0.8788096386198965
RidgeRegression,roc_auc,0.7343604108309991,0.5698507084524554,0.8988701132095428
