Model,Scoring,Score,CI-lower,CI-high
ExtraTreesClassifier,roc_auc,0.49402135854341733,0.3002231753243768,0.6878195417624579
RandomForestClassifier,roc_auc,0.530610994397759,0.27741733206423225,0.7838046567312859
AdaBoostClassifier,roc_auc,0.48494981325863684,0.19622967212022657,0.7736699543970471
XGBClassifier,roc_auc,0.5875641923436042,0.3684284462619084,0.8066999384253001
LinearDiscriminantAnalysis,roc_auc,0.5492822128851541,0.3354503352335705,0.7631140905367377
SVC,roc_auc,0.5328197945845005,0.35281690286763845,0.7128226863013625
LassoRegression,roc_auc,0.5929563492063493,0.39624507131211195,0.7896676271005867
RidgeRegression,roc_auc,0.5719129318394025,0.30294416180508127,0.8408817018737238
