Model,Scoring,Score,CI-lower,CI-high
ExtraTreesClassifier,roc_auc,0.5612283914915495,0.4448656310119332,0.6775911519711657
RandomForestClassifier,roc_auc,0.5464960478118374,0.3923615230067529,0.7006305726169217
AdaBoostClassifier,roc_auc,0.6042028147291305,0.3535652039330443,0.8548404255252167
XGBClassifier,roc_auc,0.5673109054688003,0.42152013688909074,0.7131016740485098
LinearDiscriminantAnalysis,roc_auc,0.5802631578947368,0.36218401626780433,0.7983422995216694
SVC,roc_auc,0.5895861448493028,0.3906894744105875,0.7884828152880181
LassoRegression,roc_auc,0.5874365400681191,0.4203929089492372,0.754480171187001
RidgeRegression,roc_auc,0.6129634984898142,0.3811215625422495,0.844805434437379
