Model,Scoring,Score,CI-lower,CI-high
ExtraTreesClassifier,roc_auc,0.8108320042530568,0.7022553341164246,0.919408674389689
RandomForestClassifier,roc_auc,0.7968842560947824,0.7072904731185923,0.8864780390709726
AdaBoostClassifier,roc_auc,0.7683887749677223,0.6264078894895795,0.9103696604458651
XGBClassifier,roc_auc,0.8391812865497077,0.6922485195266082,0.9861140535728072
LinearDiscriminantAnalysis,roc_auc,0.7272955115060378,0.5690217464444123,0.8855692765676633
SVC,roc_auc,0.7343890028100555,0.5690942319715565,0.8996837736485545
LassoRegression,roc_auc,0.799874686716792,0.6569205673400804,0.9428288060935035
RidgeRegression,roc_auc,0.7897224120908332,0.65450883881124,0.9249359853704263
