Model,Scoring,Score,CI-lower,CI-high
ExtraTreesRegressor,neg_mean_squared_error,-0.8369695496538421,-1.0173004498003047,-0.6566386495073795
RandomForestRegressor,neg_mean_squared_error,-0.8123434682932033,-0.9338174704752914,-0.6908694661111151
AdaBoostRegressor,neg_mean_squared_error,-0.8691135902403072,-1.0877704807465705,-0.650456699734044
XGBRegressor,neg_mean_squared_error,-0.8508022291847667,-0.9972018375679227,-0.7044026208016106
SVR,neg_mean_squared_error,-2.028074671316608,-2.6612262520354903,-1.3949230905977255
LassoRegression,neg_mean_squared_error,-0.8708022586678501,-0.918953362439266,-0.8226511548964343
RidgeRegression,neg_mean_squared_error,-1.4889217969486117,-2.1067628574616313,-0.871080736435592
