Model,Scoring,Score,CI-lower,CI-high
ExtraTreesRegressor,neg_mean_squared_error,-0.8253723434725325,-1.0152783586481542,-0.6354663282969107
RandomForestRegressor,neg_mean_squared_error,-0.7625353726298906,-0.923054934127585,-0.6020158111321962
AdaBoostRegressor,neg_mean_squared_error,-0.841350101224662,-0.9770625079003269,-0.7056376945489972
XGBRegressor,neg_mean_squared_error,-0.7890594733412163,-0.9254086891992546,-0.652710257483178
SVR,neg_mean_squared_error,-2.133436704886692,-3.1070284185483716,-1.159844991225012
LassoRegression,neg_mean_squared_error,-0.8689531620704922,-0.9335909585507152,-0.8043153655902693
RidgeRegression,neg_mean_squared_error,-1.461872532612212,-1.9462479383995008,-0.9774971268249231
