Model,Scoring,Score,CI-lower,CI-high
ExtraTreesClassifier,roc_auc,0.5363669590643274,0.296082720959612,0.7766511971690429
RandomForestClassifier,roc_auc,0.5245471897335932,0.2917051454840289,0.7573892339831574
AdaBoostClassifier,roc_auc,0.5394777452891487,0.3831607974324031,0.6957946931458943
XGBClassifier,roc_auc,0.5613466536712151,0.3128024835453198,0.8098908237971103
LinearDiscriminantAnalysis,roc_auc,0.5556124106562703,0.319346958593456,0.7918778627190846
SVC,roc_auc,0.5843648473034438,0.3228224265898559,0.8459072680170319
LassoRegression,roc_auc,0.5661712150747238,0.3000822748691546,0.832260155280293
RidgeRegression,roc_auc,0.563080734243015,0.3580120260626545,0.7681494424233755
