Model,Scoring,Score,CI-lower,CI-high
ExtraTreesClassifier,roc_auc,0.7051445578231292,0.41692566042909857,0.99336345521716
RandomForestClassifier,roc_auc,0.7548681972789115,0.5272679881355216,0.9824684064223015
AdaBoostClassifier,roc_auc,0.7119897959183673,0.49181402399953705,0.9321655678371976
XGBClassifier,roc_auc,0.7820578231292518,0.4557435878480417,1.108372058410462
LinearDiscriminantAnalysis,roc_auc,0.8109693877551021,0.5899247165240945,1.0320140589861095
SVC,roc_auc,0.811267006802721,0.6139959940298152,1.0085380195756268
LassoRegression,roc_auc,0.8223214285714286,0.6333612129637195,1.0112816441791377
RidgeRegression,roc_auc,0.8169642857142858,0.5949195687732154,1.0390090026553562
