Model,Scoring,Score,CI-lower,CI-high
ExtraTreesClassifier,roc_auc,0.521565934065934,0.2169214788294715,0.8262103893023964
RandomForestClassifier,roc_auc,0.5929945054945055,0.38983626386307013,0.7961527471259409
AdaBoostClassifier,roc_auc,0.4472527472527473,0.20201444684276268,0.6924910476627318
XGBClassifier,roc_auc,0.5738095238095238,0.3487743612746699,0.7988446863443777
LinearDiscriminantAnalysis,roc_auc,0.5155677655677655,0.22995916296629243,0.8011763681692385
SVC,roc_auc,0.4933150183150182,0.2848517291368876,0.7017783074931488
LassoRegression,roc_auc,0.5069597069597069,0.24694939625781237,0.7669700176616014
RidgeRegression,roc_auc,0.5590659340659341,0.3539389553935147,0.7641929127383534
