Model,Scoring,Score,CI-lower,CI-high
ExtraTreesClassifier,roc_auc,0.6188949938949939,0.380165408700279,0.8576245790897088
RandomForestClassifier,roc_auc,0.6111645299145299,0.37675231050222424,0.8455767493268355
AdaBoostClassifier,roc_auc,0.6067765567765567,0.3075253124862878,0.9060278010668257
XGBClassifier,roc_auc,0.6641941391941393,0.4562836073868145,0.872104671001464
LinearDiscriminantAnalysis,roc_auc,0.6914148351648352,0.5495144437687147,0.8333152265609556
SVC,roc_auc,0.629471916971917,0.42184967523566014,0.8370941587081737
LassoRegression,roc_auc,0.6591040903540903,0.41554532848479975,0.9026628522233809
RidgeRegression,roc_auc,0.6690399877899879,0.44184386041487633,0.8962361151650994
