Model,Scoring,Score,CI-lower,CI-high
ExtraTreesClassifier,roc_auc,0.98905,0.9467263659405292,1.0313736340594708
RandomForestClassifier,roc_auc,0.98935,0.9537689657261063,1.0249310342738938
AdaBoostClassifier,roc_auc,0.991,0.9661806527080182,1.0158193472919816
XGBClassifier,roc_auc,0.9955,0.9685,1.0225
LinearDiscriminantAnalysis,roc_auc,0.9201,0.790147854961913,1.050052145038087
SVC,roc_auc,0.99,0.9418336216848309,1.0381663783151691
LassoRegression,roc_auc,0.9964000000000001,0.9832790244265147,1.0095209755734855
RidgeRegression,roc_auc,0.9952,0.9756695110148261,1.0147304889851738
