Model,Scoring,Score,CI-lower,CI-high
ExtraTreesClassifier,roc_auc,0.48239148351648364,0.30285531420749423,0.6619276528254731
RandomForestClassifier,roc_auc,0.4983420329670329,0.2567224557725821,0.7399616101614837
AdaBoostClassifier,roc_auc,0.5315961538461538,0.26708775408261975,0.7961045536096878
XGBClassifier,roc_auc,0.5651153846153847,0.3249615087941271,0.8052692604366423
LinearDiscriminantAnalysis,roc_auc,0.527445054945055,0.25250086194915555,0.8023892479409545
SVC,roc_auc,0.575282967032967,0.3639778523352776,0.7865880817306564
LassoRegression,roc_auc,0.5228131868131868,0.3766474903589596,0.668978883267414
RidgeRegression,roc_auc,0.5766373626373628,0.3326327921741117,0.8206419331006138
