Model,Scoring,Score,CI-lower,CI-high
ExtraTreesClassifier,roc_auc,0.5133928571428571,0.25521182101172957,0.7715738932739846
RandomForestClassifier,roc_auc,0.5392857142857144,0.22842778361444377,0.850143644956985
AdaBoostClassifier,roc_auc,0.5540816326530613,0.26228414706630687,0.8458791182398158
XGBClassifier,roc_auc,0.5926020408163266,0.3158846364741183,0.8693194451585349
LinearDiscriminantAnalysis,roc_auc,0.49821428571428567,0.22956337244051295,0.7668651989880584
SVC,roc_auc,0.5278061224489796,0.1999036312541453,0.8557086136438139
LassoRegression,roc_auc,0.44693877551020417,0.12730660717905828,0.76657094384135
RidgeRegression,roc_auc,0.5354591836734693,0.2333731245964027,0.837545242750536
