Model,Scoring,Score,CI-lower,CI-high
ExtraTreesClassifier,roc_auc,0.7556556372549019,0.6276769497320825,0.8836343247777213
RandomForestClassifier,roc_auc,0.7760723039215686,0.6294862967506317,0.9226583110925054
AdaBoostClassifier,roc_auc,0.7230821078431373,0.528176608318486,0.9179876073677886
XGBClassifier,roc_auc,0.7778308823529412,0.615823509036061,0.9398382556698214
LinearDiscriminantAnalysis,roc_auc,0.6199509803921568,0.4615818425112518,0.7783201182730618
SVC,roc_auc,0.7372426470588235,0.6159463315330388,0.8585389625846082
LassoRegression,roc_auc,0.8011764705882353,0.7133766054365968,0.8889763357398738
RidgeRegression,roc_auc,0.7730269607843138,0.6206007897212318,0.9254531318473957
