Model,Scoring,Score,CI-lower,CI-high
ExtraTreesClassifier,roc_auc,0.5762755102040817,0.24423141692220762,0.9083196034859559
RandomForestClassifier,roc_auc,0.5233418367346939,0.18613389393251195,0.860549779536876
AdaBoostClassifier,roc_auc,0.49846938775510213,0.19704109267280862,0.7998976828373956
XGBClassifier,roc_auc,0.590561224489796,0.2676600787229746,0.9134623702566174
LinearDiscriminantAnalysis,roc_auc,0.4471938775510204,0.20374525380636793,0.690642501295673
SVC,roc_auc,0.5367346938775511,0.2799321980448797,0.7935371897102226
LassoRegression,roc_auc,0.4704081632653062,0.1209112915955366,0.8199050349350758
RidgeRegression,roc_auc,0.5349489795918367,0.20978402609834473,0.8601139330853287
