Model,Scoring,Score,CI-lower,CI-high
ExtraTreesClassifier,roc_auc,0.5659464285714286,0.3795793803117329,0.7523134768311244
RandomForestClassifier,roc_auc,0.47302060439560434,0.20465686917750958,0.7413843396136991
AdaBoostClassifier,roc_auc,0.5561730769230768,0.4182056412231644,0.6941405126229893
XGBClassifier,roc_auc,0.4946428571428572,0.3068657704916279,0.6824199437940865
LinearDiscriminantAnalysis,roc_auc,0.5652417582417583,0.3288116139316263,0.8016719025518902
SVC,roc_auc,0.5718461538461538,0.41248153495785905,0.7312107727344486
LassoRegression,roc_auc,0.546096153846154,0.36790941105611796,0.7242828966361899
RidgeRegression,roc_auc,0.5982912087912089,0.32943710156106076,0.867145316021357
