Model,Scoring,Score,CI-lower,CI-high
ExtraTreesRegressor,neg_mean_squared_error,-0.8974242357633575,-1.1293780898815264,-0.6654703816451886
RandomForestRegressor,neg_mean_squared_error,-0.9306809689189782,-1.0839625446506647,-0.7773993931872917
AdaBoostRegressor,neg_mean_squared_error,-0.9080047039936444,-1.0945514675135533,-0.7214579404737357
XGBRegressor,neg_mean_squared_error,-1.051512675212711,-1.3617561714939337,-0.7412691789314885
SVR,neg_mean_squared_error,-2.584062703335392,-3.419058327891248,-1.749067078779536
Lasso,neg_mean_squared_error,-0.8894886275049618,-1.0037124722789466,-0.7752647827309771
Ridge,neg_mean_squared_error,-1.7905774908274694,-2.4263354767040433,-1.1548195049508956
