Model,Scoring,Score,CI-lower,CI-high
ExtraTreesClassifier,roc_auc,0.5161318681318683,0.3305818842403056,0.7016818520234309
RandomForestClassifier,roc_auc,0.5715274725274726,0.3913502743954008,0.7517046706595444
AdaBoostClassifier,roc_auc,0.4943076923076924,0.268745382171145,0.7198700024442397
XGBClassifier,roc_auc,0.5745494505494506,0.4202582512480579,0.7288406498508433
LinearDiscriminantAnalysis,roc_auc,0.5617802197802197,0.29003732574454905,0.8335231138158905
SVC,roc_auc,0.6442197802197802,0.4829148971377035,0.8055246633018569
LassoRegression,roc_auc,0.6347252747252747,0.4108530390072846,0.8585975104432648
RidgeRegression,roc_auc,0.6563736263736264,0.4347809895300329,0.8779662632172198
