Model,Scoring,Score,CI-lower,CI-high
ExtraTreesClassifier,roc_auc,0.5630952380952381,0.21641516247806053,0.9097753137124156
RandomForestClassifier,roc_auc,0.5869047619047618,0.11984346132056511,1.0539660624889584
AdaBoostClassifier,roc_auc,0.5523809523809524,0.15011976986775477,0.9546421348941501
XGBClassifier,roc_auc,0.39047619047619053,-0.028029953194663393,0.8089823341470445
LinearDiscriminantAnalysis,roc_auc,0.5071428571428571,-0.09370688128037397,1.1079925955660883
SVC,roc_auc,0.7333333333333333,0.3771123007759039,1.0895543658907627
LassoRegression,roc_auc,0.7095238095238096,0.42958212463430345,0.9894654944133157
RidgeRegression,roc_auc,0.7047619047619047,0.43021837513524613,0.9793054343885632
