Model,Scoring,Score,CI-lower,CI-high
ExtraTreesClassifier,roc_auc,0.643452380952381,0.22603766129584918,1.0608671006089128
RandomForestClassifier,roc_auc,0.5116071428571429,0.121218070113151,0.9019962156011349
AdaBoostClassifier,roc_auc,0.47767857142857145,0.06843127760041562,0.8869258652567273
XGBClassifier,roc_auc,0.4458333333333333,-0.04791155383557921,0.9395782205022458
LinearDiscriminantAnalysis,roc_auc,0.6300595238095239,0.0824919149417429,1.177627132677305
SVC,roc_auc,0.5964285714285714,0.13537295774236474,1.057484185114778
LassoRegression,roc_auc,0.6357142857142858,0.31619615362364234,0.9552324178049292
RidgeRegression,roc_auc,0.6011904761904763,0.04395732314942413,1.1584236292315284
