Model,Scoring,Score,CI-lower,CI-high
ExtraTreesClassifier,roc_auc,0.5600384615384616,0.13080056909381482,0.9892763539831084
RandomForestClassifier,roc_auc,0.5422948717948719,0.1538154704961684,0.9307742730935754
AdaBoostClassifier,roc_auc,0.5607948717948718,0.3412246203216396,0.7803651232681039
XGBClassifier,roc_auc,0.5834615384615385,0.2383149507695873,0.9286081261534896
LinearDiscriminantAnalysis,roc_auc,0.7121538461538461,0.46776818828929745,0.9565395040183948
SVC,roc_auc,0.7138974358974359,0.39075264856029046,1.0370422232345815
LassoRegression,roc_auc,0.7714871794871795,0.4316601128194791,1.11131424615488
RidgeRegression,roc_auc,0.7523333333333333,0.43326158218633315,1.0714050844803333
