Model,Scoring,Score,CI-lower,CI-high
ExtraTreesClassifier,roc_auc,0.9888,0.962421220649924,1.0151787793500762
RandomForestClassifier,roc_auc,0.9864499999999999,0.946100402728156,1.026799597271844
AdaBoostClassifier,roc_auc,0.9936,0.9779232656461877,1.0092767343538125
XGBClassifier,roc_auc,0.9978999999999999,0.9912999999999998,1.0045
LinearDiscriminantAnalysis,roc_auc,0.9387000000000001,0.8293197458404856,1.0480802541595147
SVC,roc_auc,0.9952,0.9712533927246467,1.0191466072753532
LassoRegression,roc_auc,0.9984,0.9888,1.008
RidgeRegression,roc_auc,0.9987,0.993329711367161,1.004070288632839
