Model,Scoring,Score,CI-lower,CI-high
ExtraTreesClassifier,roc_auc,0.6078869047619048,0.3408436637964172,0.8749301457273924
RandomForestClassifier,roc_auc,0.48303571428571423,-0.01671479035977791,0.9827862189312064
AdaBoostClassifier,roc_auc,0.3922619047619048,-0.09585365811341312,0.8803774676372227
XGBClassifier,roc_auc,0.3979166666666667,-0.11559858789415611,0.9114319212274895
LinearDiscriminantAnalysis,roc_auc,0.6098214285714285,0.13567813562624936,1.0839647215166077
SVC,roc_auc,0.5479166666666666,0.18963030287266786,0.9062030304606654
LassoRegression,roc_auc,0.6529761904761905,0.3058222289319313,1.0001301520204497
RidgeRegression,roc_auc,0.6464285714285714,0.2137776828553246,1.079079460001818
