Model,Scoring,Score,CI-lower,CI-high
ExtraTreesClassifier,roc_auc,0.5905128205128205,0.14146905601696408,1.039556585008677
RandomForestClassifier,roc_auc,0.6011282051282051,0.12239618220735615,1.079860228049054
AdaBoostClassifier,roc_auc,0.612948717948718,0.13000158257186867,1.0958958533255672
XGBClassifier,roc_auc,0.6024871794871796,0.20376937587602612,1.001204983098333
LinearDiscriminantAnalysis,roc_auc,0.7820256410256411,0.5909422974777023,0.9731089845735799
SVC,roc_auc,0.7134615384615385,0.4210498385667301,1.005873238356347
LassoRegression,roc_auc,0.7605641025641027,0.487631332137185,1.0334968729910203
RidgeRegression,roc_auc,0.7424871794871795,0.44662644763928344,1.0383479113350755
