Model,Scoring,Score,CI-lower,CI-high
ExtraTreesClassifier,roc_auc,0.5,0.09579870756359993,0.9042012924364
RandomForestClassifier,roc_auc,0.4666666666666666,0.004026113775830731,0.9293072195575025
AdaBoostClassifier,roc_auc,0.5571428571428572,0.06817151798120247,1.046114196304512
XGBClassifier,roc_auc,0.4904761904761905,0.08128474173446032,0.8996676392179207
LinearDiscriminantAnalysis,roc_auc,0.5785714285714285,0.03062121814480956,1.1265216389980475
SVC,roc_auc,0.692857142857143,0.32433985878198385,1.061374426932302
LassoRegression,roc_auc,0.7571428571428571,0.4308220628759654,1.0834636514097489
RidgeRegression,roc_auc,0.6238095238095238,0.25816468913423873,0.9894543584848089
