Model,Scoring,Score,CI-lower,CI-high
ExtraTreesClassifier,roc_auc,0.7767769607843139,0.6143983629341281,0.9391555586344997
RandomForestClassifier,roc_auc,0.7573713235294117,0.6261139313198307,0.8886287157389927
AdaBoostClassifier,roc_auc,0.727922794117647,0.5374814279879562,0.9183641602473379
XGBClassifier,roc_auc,0.7847916666666667,0.6578244735321838,0.9117588598011496
LinearDiscriminantAnalysis,roc_auc,0.626470588235294,0.5205719534123533,0.7323692230582347
SVC,roc_auc,0.7341053921568628,0.6104407617404324,0.8577700225732932
LassoRegression,roc_auc,0.7922671568627451,0.6480010497726166,0.9365332639528735
RidgeRegression,roc_auc,0.7722303921568628,0.5856115089890906,0.958849275324635
