Model,Scoring,Score,CI-lower,CI-high
ExtraTreesRegressor,neg_mean_squared_error,-0.9009626644072946,-1.0610235621298796,-0.7409017666847096
RandomForestRegressor,neg_mean_squared_error,-0.9826251813425946,-1.23452513162411,-0.7307252310610792
AdaBoostRegressor,neg_mean_squared_error,-0.9082465124254495,-1.123995688035428,-0.6924973368154709
XGBRegressor,neg_mean_squared_error,-1.0333441480802081,-1.3322103155072558,-0.7344779806531605
SVR,neg_mean_squared_error,-2.7285757875975882,-3.55945591683745,-1.8976956583577262
LassoRegression,neg_mean_squared_error,-0.8894886275049618,-1.0037124722789466,-0.7752647827309771
RidgeRegression,neg_mean_squared_error,-2.018972822942062,-2.9493820024546946,-1.088563643429429
