Model,Scoring,Score,CI-lower,CI-high
ExtraTreesClassifier,roc_auc,0.46938461538461534,0.24151993880655262,0.697249291962678
RandomForestClassifier,roc_auc,0.5145274725274727,0.23168804242725144,0.7973669026276939
AdaBoostClassifier,roc_auc,0.47276923076923083,0.27272291805387294,0.6728155434845887
XGBClassifier,roc_auc,0.5713406593406594,0.3472267096809529,0.7954546090003658
LinearDiscriminantAnalysis,roc_auc,0.577956043956044,0.41223020998060667,0.7436818779314814
SVC,roc_auc,0.6576483516483516,0.5276813897610151,0.787615313535688
LassoRegression,roc_auc,0.624989010989011,0.41039201645273626,0.8395860055252858
RidgeRegression,roc_auc,0.6767472527472528,0.48910139803297914,0.8643931074615264
