Model,Scoring,Score,CI-lower,CI-high
ExtraTreesRegressor,neg_mean_squared_error,-0.8837274245954511,-1.1200874141213246,-0.6473674350695775
RandomForestRegressor,neg_mean_squared_error,-0.9362901001930325,-1.1647910178199845,-0.7077891825660805
AdaBoostRegressor,neg_mean_squared_error,-0.9109761030319833,-1.1248846965582977,-0.6970675095056689
XGBRegressor,neg_mean_squared_error,-1.0613750565863354,-1.338432692616236,-0.7843174205564347
SVR,neg_mean_squared_error,-2.685986191151701,-3.3480429507575096,-2.023929431545892
LassoRegression,neg_mean_squared_error,-0.8894886275049618,-1.0037124722789466,-0.7752647827309771
RidgeRegression,neg_mean_squared_error,-1.938926703071783,-2.1994084975103902,-1.6784449086331759
