Model,Scoring,Score,CI-lower,CI-high
ExtraTreesClassifier,roc_auc,0.4879545454545454,0.2237854129304892,0.7521236779786016
RandomForestClassifier,roc_auc,0.522878787878788,0.2108621828722334,0.8348953928853426
AdaBoostClassifier,roc_auc,0.6356060606060606,0.4585199117060651,0.8126922095060561
XGBClassifier,roc_auc,0.5966666666666668,0.31663715228359346,0.8766961810497401
LinearDiscriminantAnalysis,roc_auc,0.5613636363636363,0.24066865528235176,0.8820586174449208
SVC,roc_auc,0.6227272727272727,0.2516097832432573,0.993844762211288
LassoRegression,roc_auc,0.6787878787878788,0.4933046169984645,0.8642711405772932
RidgeRegression,roc_auc,0.6431818181818181,0.41969722650245866,0.8666664098611775
