Model,Scoring,Score,CI-lower,CI-high
ExtraTreesRegressor,neg_mean_squared_error,-1.1499546313799622,-1.3618293172737124,-0.9380799454862121
RandomForestRegressor,neg_mean_squared_error,-1.1696105860113422,-1.3960727912444626,-0.9431483807782216
AdaBoostRegressor,neg_mean_squared_error,-1.1953180900067528,-1.4146966488308184,-0.9759395311826873
XGBRegressor,neg_mean_squared_error,-1.2626495156873394,-1.6947681007897055,-0.8305309305849733
SVR,neg_mean_squared_error,-2.5358469303249156,-3.5072504045906285,-1.5644434560592029
LassoRegression,neg_mean_squared_error,-1.212178271604938,-1.2902119010289186,-1.1341446421809576
RidgeRegression,neg_mean_squared_error,-1.8843151131075058,-2.5383106341669017,-1.2303195920481098
