Model,Scoring,Score,CI-lower,CI-high
ExtraTreesClassifier,roc_auc,0.5989574003582625,0.41304528886770475,0.7848695118488203
RandomForestClassifier,roc_auc,0.5731181892819823,0.34602510861966074,0.8002112699443039
AdaBoostClassifier,roc_auc,0.6143053067622033,0.4680889216668568,0.7605216918575498
XGBClassifier,roc_auc,0.6338800567248842,0.48895369726447185,0.7788064161852966
LinearDiscriminantAnalysis,roc_auc,0.5631558814748471,0.38498451541180245,0.7413272475378917
SVC,roc_auc,0.6270525451559934,0.4615391518387252,0.7925659384732616
LassoRegression,roc_auc,0.6497061128526646,0.5516852102052234,0.7477270155001057
RidgeRegression,roc_auc,0.6426145693387073,0.5573026101489379,0.7279265285284767
