Model,Scoring,Score,CI-lower,CI-high
ExtraTreesClassifier,roc_auc,0.8196666666666668,0.6413174461905333,0.9980158871428002
RandomForestClassifier,roc_auc,0.7503333333333335,0.3689970862582183,1.1316695804084487
AdaBoostClassifier,roc_auc,0.7593333333333334,0.45872949658691614,1.0599371700797506
XGBClassifier,roc_auc,0.7906666666666666,0.47881485000440066,1.1025184833289325
LinearDiscriminantAnalysis,roc_auc,0.8733333333333334,0.7312222656589416,1.0154444010077253
SVC,roc_auc,0.7593333333333333,0.5189299685944475,0.9997366980722191
LassoRegression,roc_auc,0.7979999999999999,0.49694703308406185,1.099052966915938
RidgeRegression,roc_auc,0.8273333333333334,0.628362648725441,1.0263040179412257
