Model,Scoring,Score,CI-lower,CI-high
ExtraTreesRegressor,neg_mean_squared_error,-1.1513194706994327,-1.335068761353931,-0.9675701800449346
RandomForestRegressor,neg_mean_squared_error,-1.1413005671077505,-1.5325190385662606,-0.7500820956492404
AdaBoostRegressor,neg_mean_squared_error,-1.1606706109867715,-1.4373746101091913,-0.8839666118643515
XGBRegressor,neg_mean_squared_error,-1.23134418606644,-1.5180637663459815,-0.9446246057868986
SVR,neg_mean_squared_error,-2.582244689359129,-3.767792804891079,-1.3966965738271793
LassoRegression,neg_mean_squared_error,-1.212178271604938,-1.2902119010289186,-1.1341446421809576
RidgeRegression,neg_mean_squared_error,-1.849264706059906,-2.7196171470528703,-0.9789122650669415
