Model,Scoring,Score,CI-lower,CI-high
ExtraTreesClassifier,roc_auc,0.6421387520525451,0.40027344703979134,0.8840040570652989
RandomForestClassifier,roc_auc,0.6801683087027914,0.37909486918060364,0.9812417482249792
AdaBoostClassifier,roc_auc,0.6505213464696223,0.38805305605877244,0.9129896368804722
XGBClassifier,roc_auc,0.7324220032840721,0.501252810136138,0.9635911964320063
LinearDiscriminantAnalysis,roc_auc,0.7900944170771756,0.6084475335444343,0.971741300609917
SVC,roc_auc,0.7816584564860427,0.5918419611470794,0.971474951825006
LassoRegression,roc_auc,0.8096223316912973,0.6675019081369493,0.9517427552456452
RidgeRegression,roc_auc,0.7682799671592775,0.5766821179940377,0.9598778163245173
