Model,Scoring,Score,CI-lower,CI-high
ExtraTreesClassifier,roc_auc,0.9932058823529412,0.972690408686797,1.0137213560190852
RandomForestClassifier,roc_auc,0.9890392156862745,0.9622173203112091,1.01586111106134
AdaBoostClassifier,roc_auc,0.9864705882352942,0.9352902863728465,1.037650890097742
XGBClassifier,roc_auc,0.994,0.9797638956639583,1.0082361043360417
LinearDiscriminantAnalysis,roc_auc,0.940529411764706,0.8134685245870805,1.0675902989423314
SVC,roc_auc,0.9851568627450981,0.9347730074740659,1.0355407180161302
LassoRegression,roc_auc,0.9943333333333333,0.9704726264424356,1.018194040224231
RidgeRegression,roc_auc,0.992,0.962007408322128,1.021992591677872
