Model,Scoring,Score,CI-lower,CI-high
ExtraTreesClassifier,roc_auc,0.6202870764293177,0.5052659686737307,0.7353081841849046
RandomForestClassifier,roc_auc,0.6004338334079713,0.3671368267656634,0.8337308400502792
AdaBoostClassifier,roc_auc,0.5873432601880878,0.47457398891830904,0.7001125314578666
XGBClassifier,roc_auc,0.6380569861173309,0.4122001303462276,0.8639138418884341
LinearDiscriminantAnalysis,roc_auc,0.5650115688908791,0.41199900570132386,0.7180241320804344
SVC,roc_auc,0.6236938349007314,0.4585647102653423,0.7888229595361205
LassoRegression,roc_auc,0.6385412001791313,0.4270150037506371,0.8500673966076255
RidgeRegression,roc_auc,0.6737526123301986,0.5846002384419302,0.7629049862184669
