Model,Scoring,Score,CI-lower,CI-high
ExtraTreesClassifier,roc_auc,0.6977272727272726,0.4178430647400687,0.9776114807144766
RandomForestClassifier,roc_auc,0.7105303030303031,0.45962702209918044,0.9614335839614256
AdaBoostClassifier,roc_auc,0.72,0.43650936144422625,1.0034906385557738
XGBClassifier,roc_auc,0.7166666666666666,0.4750429885294706,0.9582903448038625
LinearDiscriminantAnalysis,roc_auc,0.6959090909090909,0.4608698721743564,0.9309483096438255
SVC,roc_auc,0.6483333333333334,0.5305293530195182,0.7661373136471487
LassoRegression,roc_auc,0.6890909090909091,0.46275830807861174,0.9154235101032064
RidgeRegression,roc_auc,0.7109090909090909,0.49854213369138645,0.9232760481267954
