Model,Scoring,Score,CI-lower,CI-high
ExtraTreesClassifier,roc_auc,0.6145853858784893,0.48191761066830185,0.7472531610886768
RandomForestClassifier,roc_auc,0.6450061576354681,0.4431786486639202,0.846833666607016
AdaBoostClassifier,roc_auc,0.5664326765188835,0.24332670755591368,0.8895386454818534
XGBClassifier,roc_auc,0.6051313628899835,0.2973917985790212,0.9128709272009458
LinearDiscriminantAnalysis,roc_auc,0.5988793103448276,0.21562556362273078,0.9821330570669243
SVC,roc_auc,0.6112766830870279,0.32135020364703343,0.9012031625270223
LassoRegression,roc_auc,0.6713300492610837,0.524256937003375,0.8184031615187926
RidgeRegression,roc_auc,0.6194293924466339,0.33845793330891977,0.900400851584348
