Model,Scoring,Score,CI-lower,CI-high
ExtraTreesClassifier,roc_auc,0.9937450980392157,0.9810927051832102,1.0063974908952211
RandomForestClassifier,roc_auc,0.9868137254901962,0.9467922731496915,1.026835177830701
AdaBoostClassifier,roc_auc,0.9916666666666668,0.9576405329195339,1.0256928004137997
XGBClassifier,roc_auc,0.9978235294117648,0.9907702636258449,1.0048767951976847
LinearDiscriminantAnalysis,roc_auc,0.9461176470588235,0.8117088586019076,1.0805264355157393
SVC,roc_auc,0.9871176470588235,0.9582574329754242,1.0159778611422228
LassoRegression,roc_auc,0.9948235294117648,0.9705711082791058,1.0190759505444238
RidgeRegression,roc_auc,0.9925490196078431,0.9634283688087899,1.0216696704068964
