Model,Scoring,Score,CI-lower,CI-high
ExtraTreesClassifier,roc_auc,0.721551724137931,0.5003642734933035,0.9427391747825585
RandomForestClassifier,roc_auc,0.6390886699507389,0.36716277579580375,0.9110145641056739
AdaBoostClassifier,roc_auc,0.6389080459770116,0.4458873427731446,0.8319287491808784
XGBClassifier,roc_auc,0.7466379310344827,0.4764789030590639,1.0167969590099015
LinearDiscriminantAnalysis,roc_auc,0.7461986863711001,0.5736792754493969,0.9187180972928033
SVC,roc_auc,0.7991091954022989,0.6554328780320009,0.9427855127725968
LassoRegression,roc_auc,0.7974137931034483,0.5697798377013089,1.0250477485055876
RidgeRegression,roc_auc,0.8044458128078817,0.5996238678046567,1.0092677578111067
