Model,Scoring,Score,CI-lower,CI-high
ExtraTreesClassifier,roc_auc,0.8186666666666668,0.5573843587228559,1.0799489746104776
RandomForestClassifier,roc_auc,0.746,0.3549012628220052,1.1370987371779948
AdaBoostClassifier,roc_auc,0.7953333333333333,0.5425585103957806,1.048108156270886
XGBClassifier,roc_auc,0.7473333333333333,0.4659115462907835,1.0287551203758831
LinearDiscriminantAnalysis,roc_auc,0.8653333333333334,0.6692109225792332,1.0614557440874337
SVC,roc_auc,0.782,0.47124178745097234,1.0927582125490276
LassoRegression,roc_auc,0.8266666666666668,0.5716546843773809,1.0816786489559527
RidgeRegression,roc_auc,0.834,0.5827489082389667,1.0852510917610332
