Model,Scoring,Score,CI-lower,CI-high
ExtraTreesRegressor,neg_mean_squared_error,-1.1777164461247636,-1.4358038501470547,-0.9196290421024724
RandomForestRegressor,neg_mean_squared_error,-1.1480604914933839,-1.5045575774030808,-0.7915634055836869
AdaBoostRegressor,neg_mean_squared_error,-1.1958300238211668,-1.3707207448257026,-1.020939302816631
XGBRegressor,neg_mean_squared_error,-1.242504138059555,-1.5937906851393615,-0.8912175909797483
SVR,neg_mean_squared_error,-2.3989153835715635,-3.4312514374061154,-1.3665793297370117
Lasso,neg_mean_squared_error,-1.212178271604938,-1.2902119010289186,-1.1341446421809576
Ridge,neg_mean_squared_error,-1.8375336044407136,-2.5529821332545626,-1.1220850756268645
