Model,Scoring,Score,CI-lower,CI-high
ExtraTreesClassifier,roc_auc,0.7248484848484849,0.47998218636657575,0.969714783330394
RandomForestClassifier,roc_auc,0.7493181818181818,0.5703628801364489,0.9282734834999147
AdaBoostClassifier,roc_auc,0.6783333333333332,0.38674936237263013,0.9699173042940363
XGBClassifier,roc_auc,0.7318181818181818,0.4397057715396194,1.023930592096744
LinearDiscriminantAnalysis,roc_auc,0.7157575757575757,0.41931339013700036,1.012201761378151
SVC,roc_auc,0.6728787878787879,0.33539920307978627,1.0103583726777894
LassoRegression,roc_auc,0.6966666666666665,0.3540177728076465,1.0393155605256865
RidgeRegression,roc_auc,0.7462121212121211,0.5004201720410414,0.9920040703832008
