Model,Scoring,Score,CI-lower,CI-high
ExtraTreesClassifier,roc_auc,0.45583333333333337,-0.23811070859896338,1.1497773752656302
RandomForestClassifier,roc_auc,0.43166666666666664,-0.07920404974687856,0.9425373830802118
AdaBoostClassifier,roc_auc,0.5933333333333333,0.25105339592017495,0.9356132707464916
XGBClassifier,roc_auc,0.5233333333333333,0.08106644558341364,0.965600221083253
LinearDiscriminantAnalysis,roc_auc,0.40166666666666667,-0.05548635901389132,0.8588196923472247
SVC,roc_auc,0.5533333333333333,0.10891111166669448,0.9977555549999721
LassoRegression,roc_auc,0.5700000000000001,0.20430431594926735,0.9356956840507328
RidgeRegression,roc_auc,0.575,0.13751984171977705,1.0124801582802228
