Model,Scoring,Score,CI-lower,CI-high
ExtraTreesRegressor,neg_mean_squared_error,-0.9466083805923124,-1.3179519630903873,-0.5752647980942376
RandomForestRegressor,neg_mean_squared_error,-0.9475913673597984,-1.1288547925882257,-0.7663279421313711
AdaBoostRegressor,neg_mean_squared_error,-0.9650379572500943,-1.2804012584437046,-0.6496746560564841
XGBRegressor,neg_mean_squared_error,-1.1812462121224574,-1.651064000556889,-0.7114284236880258
SVR,neg_mean_squared_error,-1.5846428264117525,-2.397644267387152,-0.7716413854363531
LassoRegression,neg_mean_squared_error,-0.9388083874563857,-1.0495987786481065,-0.828017996264665
RidgeRegression,neg_mean_squared_error,-1.480610826528909,-2.3155568465818157,-0.6456648064760026
