Model,Scoring,Score,CI-lower,CI-high
ExtraTreesClassifier,roc_auc,0.5144444444444446,0.18542795268171874,0.8434609362071704
RandomForestClassifier,roc_auc,0.5616666666666668,0.13321985938871928,0.9901134739446142
AdaBoostClassifier,roc_auc,0.5944444444444444,0.2762318437208728,0.912657045168016
XGBClassifier,roc_auc,0.6422222222222224,0.2617352048742314,1.0227092395702133
LinearDiscriminantAnalysis,roc_auc,0.6088888888888889,0.16747701269563964,1.050300765082138
SVC,roc_auc,0.6222222222222222,0.2762399918928255,0.9682044525516189
LassoRegression,roc_auc,0.6311111111111112,0.14987812680394091,1.1123440954182815
RidgeRegression,roc_auc,0.5555555555555556,0.263436858219467,0.8476742528916441
