Model,Scoring,Score,CI-lower,CI-high
ExtraTreesClassifier,roc_auc,0.5033333333333333,0.12025805787605887,0.8864086087906078
RandomForestClassifier,roc_auc,0.5403333333333332,0.21470982885820067,0.8659568378084658
AdaBoostClassifier,roc_auc,0.6586666666666666,0.3675355392801686,0.9497977940531647
XGBClassifier,roc_auc,0.466,-0.0011026534808905586,0.9331026534808906
LinearDiscriminantAnalysis,roc_auc,0.5780000000000001,0.31603817071947304,0.8399618292805271
SVC,roc_auc,0.5479999999999999,0.25919864574032503,0.8368013542596748
LassoRegression,roc_auc,0.5846666666666668,0.2947440716329041,0.8745892617004294
RidgeRegression,roc_auc,0.5526666666666668,0.1034124698767721,1.0019208634565615
