Model,Scoring,Score,CI-lower,CI-high
ExtraTreesClassifier,roc_auc,0.6555555555555556,-0.005158610991933488,1.3162697221030446
RandomForestClassifier,roc_auc,0.6277777777777778,0.18598010328731013,1.0695754522682455
AdaBoostClassifier,roc_auc,0.6055555555555555,-0.019931908668336495,1.2310430197794475
XGBClassifier,roc_auc,0.5611111111111111,0.08592433821459783,1.0362978840076245
LinearDiscriminantAnalysis,roc_auc,0.6,0.012475374826565022,1.187524625173435
SVC,roc_auc,0.5722222222222223,-0.07765905848398924,1.2221035029284337
LassoRegression,roc_auc,0.5166666666666666,0.10675851676229509,0.9265748165710381
RidgeRegression,roc_auc,0.611111111111111,0.3213687819909933,0.9008534402312288
