Model,Scoring,Score,CI-lower,CI-high
ExtraTreesClassifier,roc_auc,0.4133333333333333,-0.10773394745784354,0.93440061412451
RandomForestClassifier,roc_auc,0.46833333333333327,-0.030208986278998595,0.9668756529456651
AdaBoostClassifier,roc_auc,0.6266666666666667,0.12974279590442067,1.1235905374289128
XGBClassifier,roc_auc,0.6566666666666667,0.2736378020740474,1.039695531259286
LinearDiscriminantAnalysis,roc_auc,0.575,0.07851233650774359,1.0714876634922563
SVC,roc_auc,0.6166666666666667,0.24161111522572792,0.9917222181076055
LassoRegression,roc_auc,0.6466666666666667,0.10162844170747476,1.1917048916258586
RidgeRegression,roc_auc,0.5516666666666666,-0.025000000000000133,1.1283333333333334
