Model,Scoring,Score,CI-lower,CI-high
ExtraTreesClassifier,roc_auc,0.62,0.27205364398133625,0.9679463560186637
RandomForestClassifier,roc_auc,0.6738888888888889,0.29350409346116335,1.0542736843166143
AdaBoostClassifier,roc_auc,0.7066666666666667,0.29592208531335035,1.117411248019983
XGBClassifier,roc_auc,0.5388888888888889,-0.07157541528185185,1.1493531930596297
LinearDiscriminantAnalysis,roc_auc,0.6777777777777778,0.13154488754654103,1.2240106680090146
SVC,roc_auc,0.6066666666666667,0.15079144007256645,1.0625418932607669
LassoRegression,roc_auc,0.7188888888888889,0.3630487250200218,1.074729052757756
RidgeRegression,roc_auc,0.68,0.3038203738755765,1.0561796261244236
