Model,Scoring,Score,CI-lower,CI-high
ExtraTreesClassifier,roc_auc,0.5683333333333334,0.1526812352192174,0.9839854314474493
RandomForestClassifier,roc_auc,0.5183333333333333,0.12634410445637095,0.9103225622102957
AdaBoostClassifier,roc_auc,0.6066666666666667,0.26699362125714676,0.9463397120761866
XGBClassifier,roc_auc,0.6883333333333332,0.42164583414707163,0.9550208325195948
LinearDiscriminantAnalysis,roc_auc,0.6133333333333333,0.30899434105297785,0.9176723256136887
SVC,roc_auc,0.6366666666666666,0.30008251836361755,0.9732508149697157
LassoRegression,roc_auc,0.7683333333333333,0.3097243253295412,1.2269423413371254
RidgeRegression,roc_auc,0.6066666666666667,0.21248678669081383,1.0008465466425196
