Model,Scoring,Score,CI-lower,CI-high
ExtraTreesClassifier,roc_auc,0.6444444444444444,0.31690215615591827,0.9719867327329705
RandomForestClassifier,roc_auc,0.4833333333333334,-0.12178883574178223,1.088455502408449
AdaBoostClassifier,roc_auc,0.6611111111111112,0.129516723826414,1.1927054983958083
XGBClassifier,roc_auc,0.6666666666666667,0.2306351806589204,1.102698152674413
LinearDiscriminantAnalysis,roc_auc,0.6777777777777778,0.19909646158804417,1.1564590939675115
SVC,roc_auc,0.6611111111111111,0.196432807414967,1.1257894148072551
LassoRegression,roc_auc,0.5055555555555555,0.07393500889877708,0.9371761022123339
RidgeRegression,roc_auc,0.6722222222222223,0.20754391852607817,1.1369005259183664
