Model,Scoring,Score,CI-lower,CI-high
ExtraTreesClassifier,roc_auc,0.46566666666666673,0.0657327832420298,0.8656005500913037
RandomForestClassifier,roc_auc,0.41466666666666663,0.10668109701914064,0.7226522363141926
AdaBoostClassifier,roc_auc,0.4246666666666667,0.08181328044386083,0.7675200528894726
XGBClassifier,roc_auc,0.446,0.19354890462595425,0.6984510953740457
LinearDiscriminantAnalysis,roc_auc,0.5559999999999999,0.18514153643202363,0.9268584635679762
SVC,roc_auc,0.5533333333333335,0.24713078598925925,0.8595358806774076
LassoRegression,roc_auc,0.5726666666666667,0.24204032503947903,0.9032930082938543
RidgeRegression,roc_auc,0.5073333333333332,0.1153945626050471,0.8992721040616193
