Model,Scoring,Score,CI-lower,CI-high
ExtraTreesRegressor,neg_mean_squared_error,-1.032741020793951,-1.2418839129756527,-0.823598128612249
RandomForestRegressor,neg_mean_squared_error,-0.9004308443604284,-1.207945338796435,-0.5929163499244219
AdaBoostRegressor,neg_mean_squared_error,-1.07497029574588,-1.5389699075087093,-0.6109706839830507
XGBRegressor,neg_mean_squared_error,-1.1259370286077137,-1.6873052313378427,-0.5645688258775847
SVR,neg_mean_squared_error,-1.6333363757034192,-2.3929719799103752,-0.8737007714964629
Lasso,neg_mean_squared_error,-0.9388083874563857,-1.0495987786481065,-0.828017996264665
Ridge,neg_mean_squared_error,-1.489710284237921,-2.262528742823233,-0.7168918256526094
