Model,Scoring,Score,CI-lower,CI-high
ExtraTreesClassifier,roc_auc,0.5458333333333332,0.11783735723594563,0.9738293094307207
RandomForestClassifier,roc_auc,0.44333333333333336,-0.11864729108553584,1.0053139577522026
AdaBoostClassifier,roc_auc,0.4666666666666667,0.009623026639930365,0.9237103066934029
XGBClassifier,roc_auc,0.6050000000000001,0.15628578756134287,1.0537142124386574
LinearDiscriminantAnalysis,roc_auc,0.4333333333333333,0.018069026602734906,0.8485976400639317
SVC,roc_auc,0.55,0.10954568908909518,0.990454310910905
LassoRegression,roc_auc,0.6566666666666667,0.07774045759028059,1.2355928757430528
RidgeRegression,roc_auc,0.5583333333333333,0.19893568911920295,0.9177309775474638
