Model,Scoring,Score,CI-lower,CI-high
ExtraTreesRegressor,neg_mean_squared_error,-1.0236129489603025,-1.28145928453901,-0.765766613381595
RandomForestRegressor,neg_mean_squared_error,-0.9670218966603654,-1.1280758715883898,-0.8059679217323409
AdaBoostRegressor,neg_mean_squared_error,-1.066321031553432,-1.5229656874119972,-0.6096763756948667
XGBRegressor,neg_mean_squared_error,-1.1632862283640957,-1.5770720438620183,-0.7495004128661731
SVR,neg_mean_squared_error,-1.5798494027583614,-2.5182038952199135,-0.6414949102968094
LassoRegression,neg_mean_squared_error,-0.9388083874563857,-1.0495987786481065,-0.828017996264665
RidgeRegression,neg_mean_squared_error,-1.6603717779442242,-2.873612280604733,-0.44713127528371555
