Model,Scoring,Score,CI-lower,CI-high
ExtraTreesRegressor,neg_mean_squared_error,-0.971627284183995,-1.2539488419872302,-0.6893057263807598
RandomForestRegressor,neg_mean_squared_error,-0.9642903276622559,-1.1520515579927741,-0.7765290973317376
AdaBoostRegressor,neg_mean_squared_error,-0.9746736752230889,-1.3170696979025727,-0.6322776525436051
XGBRegressor,neg_mean_squared_error,-1.1127402545403409,-1.550422998244324,-0.6750575108363577
SVR,neg_mean_squared_error,-1.760309812248116,-2.9080259128410733,-0.6125937116551587
LassoRegression,neg_mean_squared_error,-0.9388083874563857,-1.0495987786481065,-0.828017996264665
RidgeRegression,neg_mean_squared_error,-1.6024188753987154,-2.442502473551417,-0.762335277246014
