Model,Scoring,Score,CI-lower,CI-high
ExtraTreesClassifier,roc_auc,0.6503030303030303,0.3611263706365424,0.9394796899695181
RandomForestClassifier,roc_auc,0.7803030303030304,0.5316187053441438,1.028987355261917
AdaBoostClassifier,roc_auc,0.6518181818181819,0.2777216576878564,1.0259147059485074
XGBClassifier,roc_auc,0.6669696969696969,0.2703313897676207,1.063608004171773
LinearDiscriminantAnalysis,roc_auc,0.7412121212121213,0.4517815349238799,1.0306427075003628
SVC,roc_auc,0.7642424242424243,0.4857999504656341,1.0426848980192145
LassoRegression,roc_auc,0.8251515151515154,0.5919315505634446,1.0583714797395862
RidgeRegression,roc_auc,0.7163636363636364,0.33595063765463223,1.0967766350726407
