Model,Scoring,Score,CI-lower,CI-high
ExtraTreesClassifier,roc_auc,0.513888888888889,0.17947397694067257,0.8483038008371053
RandomForestClassifier,roc_auc,0.7027777777777777,0.3112234203574895,1.094332135198066
AdaBoostClassifier,roc_auc,0.7555555555555556,0.38477060240685856,1.1263405087042528
XGBClassifier,roc_auc,0.7044444444444445,0.3682787004915435,1.0406101883973455
LinearDiscriminantAnalysis,roc_auc,0.7155555555555556,0.30589444900256324,1.125216662108548
SVC,roc_auc,0.6133333333333334,0.1639386787639276,1.0627279879027391
LassoRegression,roc_auc,0.7533333333333334,0.34432368932858765,1.1623429773380791
RidgeRegression,roc_auc,0.6888888888888889,0.24267020807071527,1.1351075697070625
