Model,Scoring,Score,CI-lower,CI-high
ExtraTreesClassifier,roc_auc,0.6227777777777779,0.17687876911558548,1.0686767864399702
RandomForestClassifier,roc_auc,0.6194444444444446,0.3667918502892819,0.8720970385996072
AdaBoostClassifier,roc_auc,0.5122222222222224,0.052222222222222336,0.9722222222222223
XGBClassifier,roc_auc,0.62,0.09999999999999998,1.1400000000000001
LinearDiscriminantAnalysis,roc_auc,0.5255555555555556,0.0274554614944284,1.0236556496166827
SVC,roc_auc,0.5444444444444445,0.09327312935941434,0.9956157595294747
LassoRegression,roc_auc,0.668888888888889,0.1818418533627349,1.1559359244150431
RidgeRegression,roc_auc,0.5877777777777778,0.2307737836098528,0.9447817719457029
