Model,Scoring,Score,CI-lower,CI-high
ExtraTreesClassifier,roc_auc,0.7562121212121211,0.4551992915858198,1.0572249508384224
RandomForestClassifier,roc_auc,0.7716666666666667,0.39316240921250356,1.1501709241208298
AdaBoostClassifier,roc_auc,0.6715151515151515,0.3663084218349937,0.9767218811953093
XGBClassifier,roc_auc,0.7333333333333334,0.4662950248108498,1.000371641855817
LinearDiscriminantAnalysis,roc_auc,0.7533333333333333,0.2945554622603859,1.2121112044062807
SVC,roc_auc,0.7836363636363636,0.35445130291631605,1.212821424356411
LassoRegression,roc_auc,0.8415151515151515,0.5802327311077354,1.1027975719225678
RidgeRegression,roc_auc,0.7748484848484848,0.44938716783750204,1.1003098018594675
