Model,Scoring,Score,CI-lower,CI-high
ExtraTreesClassifier,roc_auc,0.7377777777777778,0.5033411007079225,0.972214454847633
RandomForestClassifier,roc_auc,0.762888888888889,0.5439041101180042,0.9818736676597737
AdaBoostClassifier,roc_auc,0.7161111111111111,0.47310676729991274,0.9591154549223095
XGBClassifier,roc_auc,0.7691111111111113,0.4617322280078997,1.076489994214323
LinearDiscriminantAnalysis,roc_auc,0.7744444444444445,0.4934145923330046,1.0554742965558843
SVC,roc_auc,0.7778333333333334,0.5977713069831522,0.9578953596835146
LassoRegression,roc_auc,0.804111111111111,0.5118942966279834,1.0963279255942386
RidgeRegression,roc_auc,0.8082777777777779,0.5897064062662177,1.026849149289338
