Model,Scoring,Score,CI-lower,CI-high
ExtraTreesClassifier,roc_auc,0.7127500000000001,0.5449040885216445,0.8805959114783557
RandomForestClassifier,roc_auc,0.7649999999999999,0.5501512159680674,0.9798487840319324
AdaBoostClassifier,roc_auc,0.684,0.37643537264503263,0.9915646273549674
XGBClassifier,roc_auc,0.762,0.45605229204976877,1.0679477079502313
LinearDiscriminantAnalysis,roc_auc,0.776,0.5598148941300535,0.9921851058699466
SVC,roc_auc,0.7165000000000001,0.44270993443881146,0.9902900655611888
LassoRegression,roc_auc,0.786,0.5003148586292945,1.0716851413707056
RidgeRegression,roc_auc,0.8140000000000001,0.6797763061155,0.9482236938845001
