Model,Scoring,Score,CI-lower,CI-high
ExtraTreesClassifier,roc_auc,0.7566666666666667,0.37830763670232775,1.1350256966310057
RandomForestClassifier,roc_auc,0.665,0.14209146752674484,1.1879085324732552
AdaBoostClassifier,roc_auc,0.5566666666666666,-0.1539199454597745,1.267253278793108
XGBClassifier,roc_auc,0.6000000000000001,0.09756150182888623,1.102438498171114
LinearDiscriminantAnalysis,roc_auc,0.5833333333333333,-0.09408004776338597,1.2607467144300526
SVC,roc_auc,0.61,0.1904234939317449,1.0295765060682551
LassoRegression,roc_auc,0.63,0.01648553399288133,1.2435144660071187
RidgeRegression,roc_auc,0.6366666666666667,0.026056771197845774,1.2472765621354878
