Model,Scoring,Score,CI-lower,CI-high
ExtraTreesClassifier,roc_auc,0.845,0.4063024326992961,1.2836975673007038
RandomForestClassifier,roc_auc,0.785,0.3196566381214357,1.2503433618785644
AdaBoostClassifier,roc_auc,0.7800000000000001,0.41704913096490154,1.1429508690350987
XGBClassifier,roc_auc,0.7933333333333333,0.3523243891055673,1.2343422775610993
LinearDiscriminantAnalysis,roc_auc,0.68,0.14483647358961393,1.2151635264103862
SVC,roc_auc,0.7699999999999999,0.22231801603890988,1.3176819839610898
LassoRegression,roc_auc,0.8533333333333335,0.541778094785389,1.164888571881278
RidgeRegression,roc_auc,0.7433333333333334,0.2940870509644949,1.192579615702172
