Model,Scoring,Score,CI-lower,CI-high
ExtraTreesClassifier,roc_auc,0.6833333333333333,0.43522941245428803,0.9314372542123787
RandomForestClassifier,roc_auc,0.6533333333333333,-0.05090778699091725,1.357574453657584
AdaBoostClassifier,roc_auc,0.5700000000000001,-0.19446059414465577,1.334460594144656
XGBClassifier,roc_auc,0.6599999999999999,0.17392730310511506,1.1460726968948847
LinearDiscriminantAnalysis,roc_auc,0.5800000000000001,-0.047658789116790334,1.2076587891167905
SVC,roc_auc,0.6566666666666667,-0.01003333250004157,1.3233666658333751
LassoRegression,roc_auc,0.5433333333333333,-0.050748591432378976,1.1374152580990455
RidgeRegression,roc_auc,0.7,0.08032266460681325,1.3196773353931865
