Model,Scoring,Score,CI-lower,CI-high
ExtraTreesClassifier,roc_auc,0.7,0.036675041928919905,1.36332495807108
RandomForestClassifier,roc_auc,0.375,-0.49821245982864903,1.248212459828649
AdaBoostClassifier,roc_auc,0.875,0.4718871125850725,1.2781128874149275
XGBClassifier,roc_auc,0.9,0.29999999999999993,1.5
LinearDiscriminantAnalysis,roc_auc,0.45,-0.38066238629180754,1.2806623862918076
SVC,roc_auc,0.55,-0.2806623862918074,1.3806623862918075
LassoRegression,roc_auc,0.45,-0.49339811320566046,1.3933981132056605
RidgeRegression,roc_auc,0.65,-0.25,1.55
