Model,Scoring,Score,CI-lower,CI-high
ExtraTreesClassifier,roc_auc,0.475,-0.313986691902975,1.263986691902975
RandomForestClassifier,roc_auc,0.6,-0.2717797887081348,1.4717797887081348
AdaBoostClassifier,roc_auc,0.8,0.0,1.6
XGBClassifier,roc_auc,0.9,0.29999999999999993,1.5
LinearDiscriminantAnalysis,roc_auc,0.45,-0.49339811320566046,1.3933981132056605
SVC,roc_auc,0.45,-0.38066238629180754,1.2806623862918076
LassoRegression,roc_auc,0.4,-0.47177978870813475,1.2717797887081348
RidgeRegression,roc_auc,0.55,-0.2806623862918074,1.3806623862918075
