Model,Scoring,Score,CI-lower,CI-high
ExtraTreesClassifier,roc_auc,0.5791666666666667,0.04401352139992265,1.1143198119334108
RandomForestClassifier,roc_auc,0.6791666666666667,0.07100459031603545,1.287328743017298
AdaBoostClassifier,roc_auc,0.65,0.039672219213314874,1.2603277807866853
XGBClassifier,roc_auc,0.5583333333333333,-0.06882959074089257,1.1854962574075594
LinearDiscriminantAnalysis,roc_auc,0.7291666666666667,0.10862702696228455,1.3497063063710488
SVC,roc_auc,0.6,0.06484685473325591,1.135153145266744
LassoRegression,roc_auc,0.3833333333333334,-0.16540258777181094,0.9320692544384778
RidgeRegression,roc_auc,0.6041666666666667,-0.136750557679841,1.3450838910131746
