Model,Scoring,Score,CI-lower,CI-high
ExtraTreesClassifier,roc_auc,0.6916666666666667,0.21666666666666662,1.1666666666666667
RandomForestClassifier,roc_auc,0.73125,0.3305344941025283,1.1319655058974716
AdaBoostClassifier,roc_auc,0.6875,0.0428101520886186,1.3321898479113814
XGBClassifier,roc_auc,0.7166666666666667,0.24408510404140588,1.1892482292919275
LinearDiscriminantAnalysis,roc_auc,0.6666666666666666,0.08931639747704079,1.2440169358562925
SVC,roc_auc,0.6833333333333333,0.14559113983661076,1.221075526830056
LassoRegression,roc_auc,0.4708333333333334,-0.1324562599246088,1.0741229265912755
RidgeRegression,roc_auc,0.6583333333333334,0.2625219304320695,1.0541447362345973
