Model,Scoring,Score,CI-lower,CI-high
ExtraTreesClassifier,roc_auc,0.525,-0.26398669190297497,1.313986691902975
RandomForestClassifier,roc_auc,0.475,-0.047015325445527556,0.9970153254455275
AdaBoostClassifier,roc_auc,0.4,-0.20000000000000007,1.0
XGBClassifier,roc_auc,0.325,-0.4512087348130012,1.1012087348130013
LinearDiscriminantAnalysis,roc_auc,0.625,-0.24821245982864903,1.498212459828649
SVC,roc_auc,0.6,-0.14833147735478835,1.3483314773547883
LassoRegression,roc_auc,0.7,0.2101020514433643,1.1898979485566357
RidgeRegression,roc_auc,0.5,-0.2745966692414834,1.2745966692414834
