Model,Scoring,Score,CI-lower,CI-high
ExtraTreesClassifier,roc_auc,0.6142857142857142,0.13442485954832578,1.0941465690231027
RandomForestClassifier,roc_auc,0.6547619047619048,0.01902086733654973,1.2905029421872598
AdaBoostClassifier,roc_auc,0.6869047619047619,0.12780664623288285,1.246002877576641
XGBClassifier,roc_auc,0.805952380952381,0.5170711234219192,1.0948336384828428
LinearDiscriminantAnalysis,roc_auc,0.7380952380952381,0.23335579564804365,1.2428346805424326
SVC,roc_auc,0.7761904761904763,0.3220834932806805,1.2302974591002722
LassoRegression,roc_auc,0.7773809523809524,0.4593566517649257,1.095405252996979
RidgeRegression,roc_auc,0.8345238095238094,0.5218203610106564,1.1472272580369625
