Model,Scoring,Score,CI-lower,CI-high
ExtraTreesClassifier,roc_auc,0.7500000000000001,0.33001322772152836,1.1699867722784718
RandomForestClassifier,roc_auc,0.7666666666666666,0.09254171946144385,1.4407916138718893
AdaBoostClassifier,roc_auc,0.7083333333333334,0.05747919367444554,1.3591874729922213
XGBClassifier,roc_auc,0.6291666666666667,0.08087386168013388,1.1774594716531994
LinearDiscriminantAnalysis,roc_auc,0.7291666666666667,0.24720020863595832,1.211133124697375
SVC,roc_auc,0.7625000000000001,0.3029561440345921,1.222043855965408
LassoRegression,roc_auc,0.8291666666666668,0.46316347906670435,1.1951698542666294
RidgeRegression,roc_auc,0.7708333333333334,0.3406363500286565,1.2010303166380103
