Model,Scoring,Score,CI-lower,CI-high
ExtraTreesClassifier,roc_auc,0.6666666666666667,0.20556648375105868,1.1277668495822748
RandomForestClassifier,roc_auc,0.6851190476190476,0.26925417280475367,1.1009839224333415
AdaBoostClassifier,roc_auc,0.8119047619047619,0.4583032720812006,1.1655062517283232
XGBClassifier,roc_auc,0.7821428571428573,0.28749462784419766,1.2767910864415168
LinearDiscriminantAnalysis,roc_auc,0.7285714285714285,0.16737332570792418,1.289769531434933
SVC,roc_auc,0.775,0.3108119760894837,1.2391880239105164
LassoRegression,roc_auc,0.8571428571428573,0.5712302275756559,1.1430554867100589
RidgeRegression,roc_auc,0.786904761904762,0.40027299008029465,1.1735365337292294
