Model,Scoring,Score,CI-lower,CI-high
ExtraTreesClassifier,roc_auc,0.8645833333333334,0.5454863000242369,1.1836803666424298
RandomForestClassifier,roc_auc,0.6645833333333334,0.056635396052151066,1.2725312706145158
AdaBoostClassifier,roc_auc,0.8541666666666666,0.5141299039482805,1.1942034293850528
XGBClassifier,roc_auc,0.65,0.2587768468564833,1.0412231531435168
LinearDiscriminantAnalysis,roc_auc,0.6583333333333334,0.037178494880525936,1.279488171786141
SVC,roc_auc,0.7041666666666668,0.2063240989585386,1.202009234374795
LassoRegression,roc_auc,0.7541666666666667,0.27047427130228496,1.2378590620310483
RidgeRegression,roc_auc,0.7541666666666667,0.38065108614975046,1.1276822471835828
