Model,Scoring,Score,CI-lower,CI-high
ExtraTreesClassifier,roc_auc,0.5375,-0.05463596411635063,1.1296359641163507
RandomForestClassifier,roc_auc,0.475,-0.13532778078668517,1.085327780786685
AdaBoostClassifier,roc_auc,0.675,-0.22082364335844573,1.570823643358446
XGBClassifier,roc_auc,0.6,-0.14833147735478835,1.3483314773547883
LinearDiscriminantAnalysis,roc_auc,0.8,0.3101020514433644,1.2898979485566358
SVC,roc_auc,0.525,-0.26398669190297497,1.313986691902975
LassoRegression,roc_auc,0.8,0.3101020514433644,1.2898979485566358
RidgeRegression,roc_auc,0.375,-0.4389410298049853,1.1889410298049854
