Model,Scoring,Score,CI-lower,CI-high
ExtraTreesClassifier,roc_auc,0.8807070242869877,0.7779505446234679,0.9834635039505074
RandomForestClassifier,roc_auc,0.8906927019059372,0.8293300788151016,0.9520553249967728
AdaBoostClassifier,roc_auc,0.8697626255484712,0.7788342911888965,0.9606909599080459
XGBClassifier,roc_auc,0.9055488353558208,0.8544785613430748,0.9566191093685668
LinearDiscriminantAnalysis,roc_auc,0.7785382172974085,0.6789936031680329,0.878082831426784
SVC,roc_auc,0.8416263026189496,0.7406631490441895,0.9425894561937096
LassoRegression,roc_auc,0.8943963175305087,0.8539472899596932,0.9348453451013243
RidgeRegression,roc_auc,0.8852057195255725,0.8330246217743036,0.9373868172768414
