Model,Scoring,Score,CI-lower,CI-high
ExtraTreesClassifier,roc_auc,0.425,-0.28387234393789124,1.1338723439378913
RandomForestClassifier,roc_auc,0.45,-0.4665151389911681,1.366515138991168
AdaBoostClassifier,roc_auc,0.45,-0.25000000000000006,1.1500000000000001
XGBClassifier,roc_auc,0.3,-0.1898979485566356,0.7898979485566355
LinearDiscriminantAnalysis,roc_auc,0.475,-0.313986691902975,1.263986691902975
SVC,roc_auc,0.375,-0.375,1.125
LassoRegression,roc_auc,0.55,-0.1499999999999999,1.25
RidgeRegression,roc_auc,0.475,-0.313986691902975,1.263986691902975
