Model,Scoring,Score,CI-lower,CI-high
ExtraTreesClassifier,roc_auc,0.6361666666666668,0.07320219176616294,1.1991311415671706
RandomForestClassifier,roc_auc,0.6940833333333333,0.2151885118954731,1.1729781547711935
AdaBoostClassifier,roc_auc,0.537,-0.042520491440984354,1.1165204914409843
XGBClassifier,roc_auc,0.533,-0.027289211033016403,1.0932892110330164
LinearDiscriminantAnalysis,roc_auc,0.5640000000000001,0.057782655374196135,1.0702173446258039
SVC,roc_auc,0.7189166666666666,0.30587641439093505,1.1319569189423984
LassoRegression,roc_auc,0.6441666666666668,0.17346683308550503,1.1148665002478286
RidgeRegression,roc_auc,0.5931666666666666,0.15068766528166683,1.0356456680516664
