Model,Scoring,Score,CI-lower,CI-high
ExtraTreesRegressor,neg_mean_squared_error,-0.4698936582997499,-0.508798846303586,-0.4309884702959138
RandomForestRegressor,neg_mean_squared_error,-0.47737804762344105,-0.5087227493755141,-0.446033345871368
AdaBoostRegressor,neg_mean_squared_error,-0.4693812293765989,-0.4918213961394876,-0.44694106261371014
XGBRegressor,neg_mean_squared_error,-0.5080955452421253,-0.5767857149995985,-0.43940537548465214
SVR,neg_mean_squared_error,-1.0782184757190376,-1.3279656326927758,-0.8284713187452993
LassoRegression,neg_mean_squared_error,-0.4641745519532333,-0.473586402426864,-0.4547627014796026
RidgeRegression,neg_mean_squared_error,-0.8656457643198794,-1.0965610694000518,-0.6347304592397071
