Model,Scoring,Score,CI-lower,CI-high
ExtraTreesRegressor,neg_mean_squared_error,-0.4709337360943933,-0.5269581145092148,-0.41490935767957177
RandomForestRegressor,neg_mean_squared_error,-0.47693675146893666,-0.5291936457001886,-0.42467985723768475
AdaBoostRegressor,neg_mean_squared_error,-0.4781624026960859,-0.5063759802078516,-0.4499488251843202
XGBRegressor,neg_mean_squared_error,-0.5219486715721467,-0.5959184103699215,-0.44797893277437195
SVR,neg_mean_squared_error,-1.1158061945731035,-1.3640328143519054,-0.8675795747943017
LassoRegression,neg_mean_squared_error,-0.4662266939370213,-0.4741551042192219,-0.4582982836548207
RidgeRegression,neg_mean_squared_error,-0.8600415440539144,-1.0254520347658063,-0.6946310533420226
