Model,Scoring,Score,CI-lower,CI-high
ExtraTreesClassifier,roc_auc,0.3820833333333333,-0.09153160637097024,0.8556982730376368
RandomForestClassifier,roc_auc,0.5162500000000001,0.1645675358998468,0.8679324641001533
AdaBoostClassifier,roc_auc,0.547,0.08211399246697049,1.0118860075330296
XGBClassifier,roc_auc,0.52925,0.1547559338847202,0.9037440661152798
LinearDiscriminantAnalysis,roc_auc,0.5215,0.26507067250409905,0.7779293274959009
SVC,roc_auc,0.5203333333333334,0.06801572122628513,0.9726509454403818
LassoRegression,roc_auc,0.52575,0.14762858357988307,0.903871416420117
RidgeRegression,roc_auc,0.5476666666666666,0.21302274313666197,0.8823105901966712
