Model,Scoring,Score,CI-lower,CI-high
ExtraTreesClassifier,roc_auc,0.8850325736355149,0.8029843639121754,0.9670807833588544
RandomForestClassifier,roc_auc,0.8970740095280536,0.8430908181346631,0.9510572009214441
AdaBoostClassifier,roc_auc,0.8548751697648758,0.7736405718232152,0.9361097677065363
XGBClassifier,roc_auc,0.9097600877472202,0.8428133224328053,0.9767068530616351
LinearDiscriminantAnalysis,roc_auc,0.7665284674475851,0.6626766747575695,0.8703802601376006
SVC,roc_auc,0.8363724561794414,0.7466038400639333,0.9261410722949496
LassoRegression,roc_auc,0.8980201834521688,0.8657806256232625,0.9302597412810751
RidgeRegression,roc_auc,0.8908669812622019,0.8316535075840069,0.9500804549403968
