Model,Scoring,Score,CI-lower,CI-high
ExtraTreesClassifier,roc_auc,0.599374269005848,0.41920925642909973,0.7795392815825963
RandomForestClassifier,roc_auc,0.6220350877192982,0.5010570300614582,0.7430131453771381
AdaBoostClassifier,roc_auc,0.5502309941520468,0.40808224030847223,0.6923797479956213
XGBClassifier,roc_auc,0.582593567251462,0.45193561823604567,0.7132515162668784
LinearDiscriminantAnalysis,roc_auc,0.5903040935672514,0.3567626084897296,0.8238455786447733
SVC,roc_auc,0.6330789473684211,0.4122110675677987,0.8539468271690435
LassoRegression,roc_auc,0.6728187134502923,0.5177618970042198,0.8278755298963648
RidgeRegression,roc_auc,0.6393771929824561,0.45866213820972584,0.8200922477551864
