Model,Scoring,Score,CI-lower,CI-high
ExtraTreesClassifier,roc_auc,0.5440777876738383,0.40382482699833333,0.6843307483493433
RandomForestClassifier,roc_auc,0.512434941133903,0.37184242076839913,0.6530274614994068
AdaBoostClassifier,roc_auc,0.5174967760490599,0.40613123467717255,0.6288623174209472
XGBClassifier,roc_auc,0.5572847374915343,0.4225415037377698,0.6920279712452988
LinearDiscriminantAnalysis,roc_auc,0.5440032966251341,0.39770803589086956,0.6902985573593987
SVC,roc_auc,0.5833269163566417,0.43138705677532696,0.7352667759379564
LassoRegression,roc_auc,0.5954729389134744,0.5278586487172966,0.6630872291096522
RidgeRegression,roc_auc,0.6140672499157289,0.4950867563336295,0.7330477434978284
