Model,Scoring,Score,CI-lower,CI-high
ExtraTreesClassifier,roc_auc,0.6149122807017544,0.26620444009600003,0.9636201213075088
RandomForestClassifier,roc_auc,0.7108187134502925,0.46536990380556464,0.9562675230950203
AdaBoostClassifier,roc_auc,0.695906432748538,0.44418278267646283,0.9476300828206132
XGBClassifier,roc_auc,0.5703216374269006,0.11334899368624818,1.027294281167553
LinearDiscriminantAnalysis,roc_auc,0.7133040935672514,0.3366317796414118,1.089976407493091
SVC,roc_auc,0.7266081871345029,0.3674562462834493,1.0857601279855564
LassoRegression,roc_auc,0.661842105263158,0.35479936054416444,0.9688848499821516
RidgeRegression,roc_auc,0.679093567251462,0.2335861242433916,1.1246010102595323
