Model,Scoring,Score,CI-lower,CI-high
ExtraTreesClassifier,roc_auc,0.9983041423408396,0.9936226744821148,1.0029856101995644
RandomForestClassifier,roc_auc,0.9986203780928552,0.9946779273825825,1.0025628288031279
AdaBoostClassifier,roc_auc,0.9984709480122325,0.9948482810944095,1.0020936149300554
XGBClassifier,roc_auc,0.9988601612454824,0.9942385101690706,1.003481812321894
LinearDiscriminantAnalysis,roc_auc,0.9993744787322768,0.9966526824233393,1.0020962750412143
SVC,roc_auc,0.9990895190436475,0.9956336647360463,1.0025453733512486
LassoRegression,roc_auc,0.9990478176257993,0.9964118173792547,1.001683817872344
RidgeRegression,roc_auc,0.999381428968585,0.9961870713266145,1.0025757866105554
