Model,Scoring,Score,CI-lower,CI-high
ExtraTreesClassifier,roc_auc,0.6782163742690058,0.10743928878773956,1.248993459750272
RandomForestClassifier,roc_auc,0.5826754385964913,-0.05496282844132161,1.2203137056343043
AdaBoostClassifier,roc_auc,0.4641812865497076,-0.20755644168022647,1.1359190147796416
XGBClassifier,roc_auc,0.57046783625731,0.004438828527976724,1.1364968439866434
LinearDiscriminantAnalysis,roc_auc,0.5913742690058479,0.03492799935300228,1.1478205386586935
SVC,roc_auc,0.7087719298245614,0.15292589926840883,1.264617960380714
LassoRegression,roc_auc,0.6798245614035088,0.25769306510052875,1.1019560577064889
RidgeRegression,roc_auc,0.6154970760233918,-0.0021434112777892755,1.233137563324573
