Model,Scoring,Score,CI-lower,CI-high
ExtraTreesClassifier,roc_auc,0.5193333333333332,0.06391850412081557,0.9747481625458508
RandomForestClassifier,roc_auc,0.5014166666666667,0.13686362983023231,0.8659697035031011
AdaBoostClassifier,roc_auc,0.4449166666666667,-0.11013610860189588,0.9999694419352292
XGBClassifier,roc_auc,0.5204166666666666,0.08302334633967917,0.957809986993654
LinearDiscriminantAnalysis,roc_auc,0.6181666666666666,0.14822943681570028,1.088103896517633
SVC,roc_auc,0.55775,0.1062389259386875,1.0092610740613124
LassoRegression,roc_auc,0.5765,0.2167764950687821,0.936223504931218
RidgeRegression,roc_auc,0.5565,0.24996941425038838,0.8630305857496117
