Model,Scoring,Score,CI-lower,CI-high
ExtraTreesClassifier,roc_auc,0.5343509984639017,0.15332427140539334,0.91537772552241
RandomForestClassifier,roc_auc,0.4313300051203277,0.0930257629679615,0.7696342472726939
AdaBoostClassifier,roc_auc,0.5296338965693803,0.18452055710546028,0.8747472360333004
XGBClassifier,roc_auc,0.5388376856118791,0.033244692271195864,1.0444306789525624
LinearDiscriminantAnalysis,roc_auc,0.6438172043010753,0.27894205863520505,1.0086923499669456
SVC,roc_auc,0.67357910906298,0.35697601407122825,0.9901822040547318
LassoRegression,roc_auc,0.5768433179723502,0.2488089723347492,0.9048776636099513
RidgeRegression,roc_auc,0.5951484895033282,0.2665967255496149,0.9237002534570415
