Model,Scoring,Score,CI-lower,CI-high
ExtraTreesClassifier,roc_auc,0.5312796979006656,0.37608236748166135,0.68647702831967
RandomForestClassifier,roc_auc,0.5234586960232122,0.3563939450676928,0.6905234469787316
AdaBoostClassifier,roc_auc,0.5116068868407577,0.3719751776016551,0.6512385960798603
XGBClassifier,roc_auc,0.557631592421915,0.4843413587841947,0.6309218260596352
LinearDiscriminantAnalysis,roc_auc,0.5318804403481823,0.39298604652710756,0.670774834169257
SVC,roc_auc,0.5493830858508277,0.36815004654334677,0.7306161251583088
LassoRegression,roc_auc,0.616668202764977,0.5406744378445419,0.6926619676854121
RidgeRegression,roc_auc,0.562020908004779,0.4332626169129902,0.6907791990965678
