Model,Scoring,Score,CI-lower,CI-high
ExtraTreesClassifier,roc_auc,0.5375,-0.11489941753499444,1.1898994175349944
RandomForestClassifier,roc_auc,0.475,-0.13532778078668517,1.085327780786685
AdaBoostClassifier,roc_auc,0.45,-0.25000000000000006,1.1500000000000001
XGBClassifier,roc_auc,0.35,-0.2903124237432849,0.9903124237432849
LinearDiscriminantAnalysis,roc_auc,0.525,-0.26398669190297497,1.313986691902975
SVC,roc_auc,0.425,-0.35120873481300113,1.2012087348130012
LassoRegression,roc_auc,0.55,-0.2806623862918074,1.3806623862918075
RidgeRegression,roc_auc,0.45,-0.25000000000000006,1.1500000000000001
