Model,Scoring,Score,CI-lower,CI-high
ExtraTreesRegressor,neg_mean_squared_error,-0.46011351969958403,-0.5301418250100314,-0.3900852143891367
RandomForestRegressor,neg_mean_squared_error,-0.4567321389194787,-0.5057096866099446,-0.40775459122901286
AdaBoostRegressor,neg_mean_squared_error,-0.4678572700601166,-0.4950711143063214,-0.44064342581391186
XGBRegressor,neg_mean_squared_error,-0.5022455226449589,-0.5945754474188796,-0.40991559787103826
SVR,neg_mean_squared_error,-1.0597431003114164,-1.3126913549008568,-0.8067948457219761
Lasso,neg_mean_squared_error,-0.4641745519532333,-0.473586402426864,-0.4547627014796026
Ridge,neg_mean_squared_error,-0.8091411678128365,-1.0550842995154066,-0.5631980361102664
