Model,Scoring,Score,CI-lower,CI-high
ExtraTreesClassifier,roc_auc,0.6047397660818714,0.43110018614730405,0.7783793460164388
RandomForestClassifier,roc_auc,0.583654239766082,0.42791597915131874,0.7393925003808453
AdaBoostClassifier,roc_auc,0.5433274853801169,0.3728711215725336,0.7137838491877002
XGBClassifier,roc_auc,0.5784381091617934,0.43953312139744205,0.7173430969261447
LinearDiscriminantAnalysis,roc_auc,0.5696174463937622,0.3864860172144128,0.7527488755731117
SVC,roc_auc,0.6379312865497077,0.42549952250860335,0.850363050590812
LassoRegression,roc_auc,0.6541803118908383,0.4915454364032449,0.8168151873784316
RidgeRegression,roc_auc,0.6579595516569201,0.5578271377709217,0.7580919655429185
