Model,Scoring,Score,CI-lower,CI-high
ExtraTreesRegressor,neg_mean_squared_error,-0.4717395971078271,-0.5260650495295307,-0.4174141446861235
RandomForestRegressor,neg_mean_squared_error,-0.45940869525216843,-0.5035056385137305,-0.4153117519906063
AdaBoostRegressor,neg_mean_squared_error,-0.47426400769734156,-0.4967276820043477,-0.45180033339033543
XGBRegressor,neg_mean_squared_error,-0.5043707908030851,-0.595376208711277,-0.41336537289489317
SVR,neg_mean_squared_error,-1.061783184064685,-1.301154309730372,-0.8224120583989981
LassoRegression,neg_mean_squared_error,-0.4662266939370213,-0.4741551042192219,-0.4582982836548207
RidgeRegression,neg_mean_squared_error,-0.8387057454011607,-1.040672035621779,-0.6367394551805424
