Model,Scoring,Score,CI-lower,CI-high
ExtraTreesClassifier,roc_auc,0.9983668379122925,0.994229241141721,1.002504434682864
RandomForestClassifier,roc_auc,0.9982135544635545,0.9935515232609624,1.0028755856661467
AdaBoostClassifier,roc_auc,0.9978251805524533,0.9906415222865161,1.0050088388183904
XGBClassifier,roc_auc,0.9991061722879906,0.9967159442712253,1.001496400304756
LinearDiscriminantAnalysis,roc_auc,0.9991750428114067,0.9968395894870633,1.00151049613575
SVC,roc_auc,0.9987197528106618,0.994663088967424,1.0027764166538997
LassoRegression,roc_auc,0.9994497803588713,0.9974944659510474,1.0014050947666953
RidgeRegression,roc_auc,0.9993395875214057,0.9972753589986535,1.0014038160441578
