Model,Scoring,Score,CI-lower,CI-high
ExtraTreesClassifier,roc_auc,0.5847369116869381,0.1392078028188649,1.0302660205550112
RandomForestClassifier,roc_auc,0.5683765203595981,0.1976195081304511,0.9391335325887451
AdaBoostClassifier,roc_auc,0.45803807509254374,0.024307317129420192,0.8917688330556672
XGBClassifier,roc_auc,0.506544156530936,0.1471512847643987,0.8659370282974732
LinearDiscriminantAnalysis,roc_auc,0.5884056054997355,0.06269397507914498,1.1141172359203262
SVC,roc_auc,0.7111977789529348,0.4361988660997621,0.9861966918061075
LassoRegression,roc_auc,0.5193019566367003,0.24053351832173359,0.798070394951667
RidgeRegression,roc_auc,0.6306054997355897,0.27047304125104904,0.9907379582201303
