Model,Scoring,Score,CI-lower,CI-high
ExtraTreesClassifier,roc_auc,0.6515350877192982,0.17672816881536324,1.1263420066232332
RandomForestClassifier,roc_auc,0.4782894736842106,0.17698148725738733,0.7795974601110338
AdaBoostClassifier,roc_auc,0.6587719298245613,0.2753445991568786,1.042199260492244
XGBClassifier,roc_auc,0.620906432748538,0.264161993619212,0.9776508718778639
LinearDiscriminantAnalysis,roc_auc,0.7296783625730994,0.39995167040363383,1.0594050547425649
SVC,roc_auc,0.7043859649122808,0.3654497759926476,1.043322153831914
LassoRegression,roc_auc,0.6634502923976608,0.1907927522032224,1.1361078325920992
RidgeRegression,roc_auc,0.6966374269005848,0.3935541693116106,0.9997206844895591
