Model,Scoring,Score,CI-lower,CI-high
ExtraTreesClassifier,roc_auc,0.5271131457676449,0.41240819863080447,0.6418180929044853
RandomForestClassifier,roc_auc,0.5092343687773795,0.36166001346331045,0.6568087240914485
AdaBoostClassifier,roc_auc,0.5118633651033199,0.3577894956664439,0.6659372345401958
XGBClassifier,roc_auc,0.5534268017714538,0.41669788782948536,0.6901557157134222
LinearDiscriminantAnalysis,roc_auc,0.5144780260088693,0.3711140577429765,0.657841994274762
SVC,roc_auc,0.59249078490731,0.4624988970870144,0.7224826727276056
LassoRegression,roc_auc,0.6053035066758892,0.4045789077110942,0.8060281056406842
RidgeRegression,roc_auc,0.5997746007791283,0.42484969053301236,0.7746995110252441
