Model,Scoring,Score,CI-lower,CI-high
ExtraTreesClassifier,roc_auc,0.6480994152046783,0.12815125490883927,1.1680475755005173
RandomForestClassifier,roc_auc,0.5511695906432748,0.07240290736222421,1.0299362739243252
AdaBoostClassifier,roc_auc,0.5472222222222223,0.06542389342724853,1.029020551017196
XGBClassifier,roc_auc,0.5042397660818714,0.10614821659156998,0.9023313155721728
LinearDiscriminantAnalysis,roc_auc,0.5603801169590644,-0.06228555901050581,1.1830457929286347
SVC,roc_auc,0.5928362573099415,-0.011137635830843373,1.1968101504507263
LassoRegression,roc_auc,0.7026315789473685,0.34226240482552156,1.0630007530692154
RidgeRegression,roc_auc,0.6187134502923978,0.02977374970223834,1.2076531508825572
