Model,Scoring,Score,CI-lower,CI-high
ExtraTreesClassifier,roc_auc,0.44972236911686936,-0.0030381781179797396,0.9024829163517185
RandomForestClassifier,roc_auc,0.5379693283976732,0.13732743879849557,0.9386112179968509
AdaBoostClassifier,roc_auc,0.5341750396615548,0.12107324143422388,0.9472768378888856
XGBClassifier,roc_auc,0.528146483342147,-0.1142746645944902,1.170567631278784
LinearDiscriminantAnalysis,roc_auc,0.705367530407192,0.2111782318665636,1.1995568289478205
SVC,roc_auc,0.6478318350079323,0.07013719480811309,1.2255264752077515
LassoRegression,roc_auc,0.5866869381279746,0.0441349345022497,1.1292389417536994
RidgeRegression,roc_auc,0.6457694341618192,0.134572406208177,1.1569664621154614
