Model,Scoring,Score,CI-lower,CI-high
ExtraTreesClassifier,roc_auc,0.5054275473630313,0.10926613203037461,0.901588962695688
RandomForestClassifier,roc_auc,0.46797875064004096,0.05217167142381102,0.8837858298562709
AdaBoostClassifier,roc_auc,0.4350614439324117,0.153188495727966,0.7169343921368574
XGBClassifier,roc_auc,0.5063108038914491,0.05620531018155117,0.956416297601347
LinearDiscriminantAnalysis,roc_auc,0.43534306195596517,-0.0498626120477918,0.9205487359597222
SVC,roc_auc,0.5908602150537635,0.026749436406021343,1.1549709937015056
LassoRegression,roc_auc,0.6558627752176139,0.18941475967631938,1.1223107907589085
RidgeRegression,roc_auc,0.5898873527905786,0.021170031073777906,1.1586046745073793
