Model,Scoring,Score,CI-lower,CI-high
ExtraTreesClassifier,roc_auc,0.5381092896174863,0.373633084056856,0.7025854951781165
RandomForestClassifier,roc_auc,0.5340337343557201,0.4126396504660984,0.6554278182453418
AdaBoostClassifier,roc_auc,0.524381257711969,0.42238295620762506,0.6263795592163128
XGBClassifier,roc_auc,0.5353074211175745,0.4237070498987193,0.6469077923364296
LinearDiscriminantAnalysis,roc_auc,0.5357569187378812,0.383147642272947,0.6883661952028155
SVC,roc_auc,0.5392876344086022,0.4370948919954577,0.6414803768217466
LassoRegression,roc_auc,0.6067470914859863,0.5001353767940873,0.7133588061778853
RidgeRegression,roc_auc,0.571585624889829,0.48764899023548014,0.6555222595441779
