Model,Scoring,Score,CI-lower,CI-high
ExtraTreesClassifier,roc_auc,0.9660789115646258,0.899769245974612,1.0323885771546395
RandomForestClassifier,roc_auc,0.9390462585034014,0.7937008000197643,1.0843917169870385
AdaBoostClassifier,roc_auc,0.9429387755102041,0.8095603574765907,1.0763171935438176
XGBClassifier,roc_auc,0.9689387755102041,0.9167653195380785,1.0211122314823298
LinearDiscriminantAnalysis,roc_auc,0.8534476190476191,0.7794414697633232,0.9274537683319151
SVC,roc_auc,0.9667156462585034,0.9096516991880916,1.023779593328915
LassoRegression,roc_auc,0.9736925170068028,0.9015393454694747,1.045845688544131
RidgeRegression,roc_auc,0.9779782312925172,0.9379492239011721,1.0180072386838621
