Model,Scoring,Score,CI-lower,CI-high
ExtraTreesClassifier,roc_auc,0.7839667019027484,0.5126134381922056,1.0553199656132912
RandomForestClassifier,roc_auc,0.7449480267794222,0.5154242370979638,0.9744718164608805
AdaBoostClassifier,roc_auc,0.7200369978858351,0.46825998773082556,0.9718140080408446
XGBClassifier,roc_auc,0.8155056377730796,0.6540551581995963,0.976956117346563
LinearDiscriminantAnalysis,roc_auc,0.70004052149401,0.4499835309333993,0.9500975120546207
SVC,roc_auc,0.8236627906976745,0.6440970709649014,1.0032285104304475
LassoRegression,roc_auc,0.8100140944326991,0.601809111852565,1.0182190770128332
RidgeRegression,roc_auc,0.8331712473572939,0.7047299024668474,0.9616125922477403
