Model,Scoring,Score,CI-lower,CI-high
ExtraTreesClassifier,roc_auc,0.9460625850340136,0.844439015641483,1.0476861544265443
RandomForestClassifier,roc_auc,0.9558367346938776,0.8720913877662524,1.039582081621503
AdaBoostClassifier,roc_auc,0.9467292517006802,0.8682217766416138,1.0252367267597466
XGBClassifier,roc_auc,0.9610503401360544,0.865607363001013,1.0564933172710957
LinearDiscriminantAnalysis,roc_auc,0.8259591836734694,0.6820667201887143,0.9698516471582246
SVC,roc_auc,0.9685061224489797,0.9048000399818349,1.0322122049161246
LassoRegression,roc_auc,0.9755428571428573,0.9419316731887452,1.0091540410969695
RidgeRegression,roc_auc,0.9756734693877551,0.9294968503849177,1.0218500883905925
