Model,Scoring,Score,CI-lower,CI-high
ExtraTreesClassifier,roc_auc,0.7699999999999999,0.2616693989144465,1.2783306010855533
RandomForestClassifier,roc_auc,0.8474999999999999,0.46641601975417535,1.2285839802458245
AdaBoostClassifier,roc_auc,0.795,0.29210836157279374,1.2978916384272063
XGBClassifier,roc_auc,0.9349999999999999,0.6664855683580488,1.203514431641951
LinearDiscriminantAnalysis,roc_auc,0.915,0.6391377155173257,1.1908622844826744
SVC,roc_auc,0.9550000000000001,0.7736164285278295,1.1363835714721706
LassoRegression,roc_auc,0.9800000000000001,0.8600000000000001,1.1
RidgeRegression,roc_auc,1.0,1.0,1.0
