Model,Scoring,Score,CI-lower,CI-high
ExtraTreesClassifier,roc_auc,0.38750000000000007,-0.23644355157782948,1.0114435515778295
RandomForestClassifier,roc_auc,0.51875,-0.20592665203178717,1.2434266520317871
AdaBoostClassifier,roc_auc,0.5541666666666667,-0.09138434689547703,1.1997176802288103
XGBClassifier,roc_auc,0.5,-0.05901699437494745,1.0590169943749475
LinearDiscriminantAnalysis,roc_auc,0.3291666666666667,-0.08824932621227305,0.7465826595456064
SVC,roc_auc,0.5166666666666667,-0.03383815216379138,1.0671714854971248
LassoRegression,roc_auc,0.5708333333333334,0.12822427583701673,1.0134423908296502
RidgeRegression,roc_auc,0.4083333333333333,-0.1144795713786041,0.9311462380452707
