Model,Scoring,Score,CI-lower,CI-high
ExtraTreesClassifier,roc_auc,0.41875,-0.2972501745809843,1.1347501745809843
RandomForestClassifier,roc_auc,0.54375,0.016226303849770196,1.0712736961502296
AdaBoostClassifier,roc_auc,0.4125,-0.3125,1.1375
XGBClassifier,roc_auc,0.375,-0.2166079783099616,0.9666079783099616
LinearDiscriminantAnalysis,roc_auc,0.525,0.02750628144669004,1.02249371855331
SVC,roc_auc,0.3625,-0.21250000000000008,0.9375
LassoRegression,roc_auc,0.4875,-0.12944813396265326,1.1044481339626533
RidgeRegression,roc_auc,0.3375,-0.22207573213998477,0.8970757321399848
