Model,Scoring,Score,CI-lower,CI-high
ExtraTreesClassifier,roc_auc,0.6583333333333334,0.12728353445483942,1.1893831322118276
RandomForestClassifier,roc_auc,0.4597222222222223,-0.03604691461168463,0.9554913590561293
AdaBoostClassifier,roc_auc,0.4041666666666667,-0.12294548669561567,0.931278820028949
XGBClassifier,roc_auc,0.44722222222222224,0.03189102907631847,0.862553415368126
LinearDiscriminantAnalysis,roc_auc,0.663888888888889,0.26043160765854884,1.067346170119229
SVC,roc_auc,0.7902777777777779,0.38043551664266057,1.2001200389128952
LassoRegression,roc_auc,0.7902777777777777,0.45684029404873516,1.1237152615068204
RidgeRegression,roc_auc,0.726388888888889,0.29748524780696334,1.1552925299708146
