Model,Scoring,Score,CI-lower,CI-high
ExtraTreesClassifier,roc_auc,0.7162499999999999,0.24960639937956924,1.1828936006204307
RandomForestClassifier,roc_auc,0.5237499999999999,-0.23819241908427713,1.2856924190842771
AdaBoostClassifier,roc_auc,0.6125,-0.16571912081366902,1.390719120813669
XGBClassifier,roc_auc,0.6599999999999999,0.03622119304997218,1.2837788069500276
LinearDiscriminantAnalysis,roc_auc,0.7325,0.356967045387492,1.108032954612508
SVC,roc_auc,0.7525000000000001,0.1473347333165923,1.3576652666834077
LassoRegression,roc_auc,0.67,0.08956912556274199,1.250430874437258
RidgeRegression,roc_auc,0.77,0.31076149987179863,1.2292385001282014
