Model,Scoring,Score,CI-lower,CI-high
ExtraTreesClassifier,roc_auc,0.6114285714285714,0.3701564327594761,0.8527007100976668
RandomForestClassifier,roc_auc,0.4939285714285715,0.057009277522070856,0.9308478653350721
AdaBoostClassifier,roc_auc,0.3073809523809524,-0.06522067508344243,0.6799825798453473
XGBClassifier,roc_auc,0.5523809523809524,0.2576655933357495,0.8470963114261554
LinearDiscriminantAnalysis,roc_auc,0.5088095238095238,0.2491564323756716,0.768462615243376
SVC,roc_auc,0.44666666666666666,0.21238095238095236,0.680952380952381
LassoRegression,roc_auc,0.4564285714285715,0.20068236432281678,0.7121747785343262
RidgeRegression,roc_auc,0.4038095238095238,0.06185833980090255,0.745760707818145
