Model,Scoring,Score,CI-lower,CI-high
ExtraTreesClassifier,roc_auc,0.635,0.1766333345453664,1.0933666654546337
RandomForestClassifier,roc_auc,0.515,0.1742654992519836,0.8557345007480164
AdaBoostClassifier,roc_auc,0.575,0.03974305235709452,1.1102569476429054
XGBClassifier,roc_auc,0.43,-0.22145989899609325,1.0814598989960933
LinearDiscriminantAnalysis,roc_auc,0.5750000000000001,0.0626524617020201,1.08734753829798
SVC,roc_auc,0.7250000000000001,0.29779981273412354,1.1522001872658767
LassoRegression,roc_auc,0.665,0.175,1.155
RidgeRegression,roc_auc,0.7525000000000001,0.3152071919182755,1.1897928080817246
