Model,Scoring,Score,CI-lower,CI-high
ExtraTreesClassifier,roc_auc,0.5826190476190477,0.12724523840023794,1.0379928568378576
RandomForestClassifier,roc_auc,0.4791666666666667,0.18346187040760664,0.7748714629257267
AdaBoostClassifier,roc_auc,0.44214285714285717,0.22097250078691996,0.6633132134987944
XGBClassifier,roc_auc,0.4435714285714286,0.13330820918162978,0.7538346479612275
LinearDiscriminantAnalysis,roc_auc,0.4635714285714285,0.22862028297659098,0.6985225741662661
SVC,roc_auc,0.45357142857142857,0.0852741883661059,0.8218686687767512
LassoRegression,roc_auc,0.4797619047619047,0.16466015032969195,0.7948636591941175
RidgeRegression,roc_auc,0.42857142857142866,0.04845329440999807,0.8086895627328592
