Model,Scoring,Score,CI-lower,CI-high
ExtraTreesClassifier,roc_auc,0.6273809523809523,0.12624279200767463,1.1285191127542298
RandomForestClassifier,roc_auc,0.5797619047619047,-0.0906400459439417,1.250163855467751
AdaBoostClassifier,roc_auc,0.5047619047619047,-0.15876813136572787,1.1682919408895374
XGBClassifier,roc_auc,0.655952380952381,0.029399887372725364,1.2825048745320364
LinearDiscriminantAnalysis,roc_auc,0.575,-0.04806844384408182,1.1980684438440816
SVC,roc_auc,0.6345238095238096,-0.006836882610472994,1.2758845016580922
LassoRegression,roc_auc,0.5654761904761905,0.12525747550963806,1.0056949054427429
RidgeRegression,roc_auc,0.7047619047619047,0.07944565824078209,1.3300781512830273
