Model,Scoring,Score,CI-lower,CI-high
ExtraTreesClassifier,roc_auc,0.91875,0.6747597338007107,1.1627402661992892
RandomForestClassifier,roc_auc,0.8534926470588236,0.33030091338782896,1.3766843807298181
AdaBoostClassifier,roc_auc,0.8091911764705882,0.3178798837729952,1.3005024691681812
XGBClassifier,roc_auc,0.9354779411764707,0.7477081669700336,1.1232477153829077
LinearDiscriminantAnalysis,roc_auc,0.9882352941176471,0.9176470588235295,1.0588235294117647
SVC,roc_auc,0.975,0.892084380241115,1.057915619758885
LassoRegression,roc_auc,0.9625,0.847935607626104,1.077064392373896
RidgeRegression,roc_auc,0.98125,0.9012109470320894,1.0612890529679107
