Model,Scoring,Score,CI-lower,CI-high
ExtraTreesClassifier,roc_auc,0.6570512820512822,0.3339718152318294,0.9801307488707349
RandomForestClassifier,roc_auc,0.7100732600732601,0.48403862645011353,0.9361078936964067
AdaBoostClassifier,roc_auc,0.7216117216117215,0.43920387886598694,1.004019564357456
XGBClassifier,roc_auc,0.6630952380952382,0.35731839673251753,0.9688720794579588
LinearDiscriminantAnalysis,roc_auc,0.6632783882783883,0.35464120092687335,0.9719155756299032
SVC,roc_auc,0.5987179487179488,0.33125120024543014,0.8661846971904674
LassoRegression,roc_auc,0.7663919413919413,0.4617845537347623,1.0709993290491204
RidgeRegression,roc_auc,0.6781135531135531,0.46529453765350576,0.8909325685736005
