Model,Scoring,Score,CI-lower,CI-high
ExtraTreesClassifier,roc_auc,0.6630952380952381,0.2316170006512679,1.0945734755392083
RandomForestClassifier,roc_auc,0.6440476190476191,0.1352307975655367,1.1528644405297015
AdaBoostClassifier,roc_auc,0.45714285714285713,-0.1596295184263687,1.073915232712083
XGBClassifier,roc_auc,0.6071428571428571,0.16798782431601716,1.046297889969697
LinearDiscriminantAnalysis,roc_auc,0.7011904761904761,0.4189798152599274,0.983401137121025
SVC,roc_auc,0.555952380952381,0.009675557952412595,1.1022292039523494
LassoRegression,roc_auc,0.5416666666666667,-0.0016132438992308984,1.0849465772325644
RidgeRegression,roc_auc,0.680952380952381,0.11262747627292591,1.2492772856318362
