Model,Scoring,Score,CI-lower,CI-high
ExtraTreesClassifier,roc_auc,0.7482600732600734,0.4822563260445148,1.014263820475632
RandomForestClassifier,roc_auc,0.6846153846153846,0.24269619440388673,1.1265345748268825
AdaBoostClassifier,roc_auc,0.7205128205128205,0.44108445690614817,0.9999411841194928
XGBClassifier,roc_auc,0.717032967032967,0.404266288699513,1.029799645366421
LinearDiscriminantAnalysis,roc_auc,0.7082417582417582,0.4569904118547089,0.9594931046288074
SVC,roc_auc,0.5556776556776558,0.24253818664298415,0.8688171247123275
LassoRegression,roc_auc,0.7631868131868131,0.4933546871973943,1.033018939176232
RidgeRegression,roc_auc,0.6996336996336997,0.3894224855715733,1.009844913695826
