Model,Scoring,Score,CI-lower,CI-high
ExtraTreesClassifier,roc_auc,0.9140625,0.6566527767473613,1.1714722232526387
RandomForestClassifier,roc_auc,0.9238970588235293,0.648700526345576,1.1990935913014829
AdaBoostClassifier,roc_auc,0.925,0.595227351043177,1.254772648956823
XGBClassifier,roc_auc,0.9003676470588236,0.6412414036279389,1.159493890489708
LinearDiscriminantAnalysis,roc_auc,0.9691176470588235,0.8857857554911341,1.052449538626513
SVC,roc_auc,0.975,0.892084380241115,1.057915619758885
LassoRegression,roc_auc,1.0,1.0,1.0
RidgeRegression,roc_auc,0.971875,0.881519798157494,1.062230201842506
