Model,Scoring,Score,CI-lower,CI-high
ExtraTreesClassifier,roc_auc,0.5027864992150707,0.3499224592601947,0.6556505391699466
RandomForestClassifier,roc_auc,0.4864795918367347,0.27199648182482333,0.7009627018486462
AdaBoostClassifier,roc_auc,0.5393249607535322,0.2923420275589017,0.7863078939481627
XGBClassifier,roc_auc,0.5020015698587127,0.34246520436248745,0.661537935354938
LinearDiscriminantAnalysis,roc_auc,0.5619701726844584,0.3699005253777068,0.75403981999121
SVC,roc_auc,0.5510204081632654,0.30647012764934956,0.7955706886771812
LassoRegression,roc_auc,0.5343799058084773,0.28940995503268147,0.7793498565842731
RidgeRegression,roc_auc,0.5821428571428572,0.4129538698063,0.7513318444794144
