Model,Scoring,Score,CI-lower,CI-high
ExtraTreesClassifier,roc_auc,0.637087912087912,0.3340376658299125,0.9401381583459116
RandomForestClassifier,roc_auc,0.6461538461538461,0.47178140538967084,0.8205262869180213
AdaBoostClassifier,roc_auc,0.6692307692307693,0.4809495303874518,0.8575120080740868
XGBClassifier,roc_auc,0.6483516483516483,0.3936056100774032,0.9030976866258933
LinearDiscriminantAnalysis,roc_auc,0.6170329670329672,0.5146462811306174,0.719419652935317
SVC,roc_auc,0.6510989010989011,0.49849401844003227,0.80370378375777
LassoRegression,roc_auc,0.6626373626373626,0.41646389403172124,0.908810831243004
RidgeRegression,roc_auc,0.6324175824175825,0.4903700030897411,0.7744651617454239
