Model,Scoring,Score,CI-lower,CI-high
ExtraTreesClassifier,roc_auc,0.6207692307692307,0.42287193982986504,0.8186665217085964
RandomForestClassifier,roc_auc,0.6385347985347986,0.460192392566803,0.8168772045027941
AdaBoostClassifier,roc_auc,0.6363369963369963,0.40319015393914714,0.8694838387348454
XGBClassifier,roc_auc,0.6787912087912088,0.5277604726960414,0.8298219448863762
LinearDiscriminantAnalysis,roc_auc,0.6205128205128205,0.407282206833284,0.8337434341923571
SVC,roc_auc,0.6797435897435896,0.4649665817922082,0.894520597694971
LassoRegression,roc_auc,0.6514652014652015,0.44627493089660414,0.8566554720337989
RidgeRegression,roc_auc,0.6724542124542123,0.5343832475350765,0.8105251773733482
