Model,Scoring,Score,CI-lower,CI-high
ExtraTreesClassifier,roc_auc,0.9678281068524971,0.869905008789633,1.0657512049153612
RandomForestClassifier,roc_auc,0.9375580720092914,0.7364587850971694,1.1386573589214135
AdaBoostClassifier,roc_auc,0.9676538908246226,0.8571011343449128,1.0782066473043324
XGBClassifier,roc_auc,0.9892276422764228,0.9531888719654028,1.0252664125874427
LinearDiscriminantAnalysis,roc_auc,0.9784552845528456,0.8954477305621767,1.0614628385435145
SVC,roc_auc,0.9856562137049941,0.9348233322420342,1.036489095167954
LassoRegression,roc_auc,0.9842334494773519,0.9196799133157048,1.048786985638999
RidgeRegression,roc_auc,0.9939605110336818,0.9745106354421098,1.0134103866252537
