Model,Scoring,Score,CI-lower,CI-high
ExtraTreesClassifier,roc_auc,0.5970277341705914,0.422695982872286,0.7713594854688968
RandomForestClassifier,roc_auc,0.5312558869701728,0.329254638196843,0.7332571357435026
AdaBoostClassifier,roc_auc,0.5360465724751439,0.2963570355042691,0.7757361094460187
XGBClassifier,roc_auc,0.5160622710622711,0.35561885437717705,0.6765056877473652
LinearDiscriminantAnalysis,roc_auc,0.5372998430141287,0.33562767846123964,0.7389720075670178
SVC,roc_auc,0.5675981161695447,0.35133513834804114,0.7838610939910482
LassoRegression,roc_auc,0.5638540031397173,0.4233848907048675,0.7043231155745672
RidgeRegression,roc_auc,0.5775405546834118,0.32791018537940325,0.8271709239874203
