Model,Scoring,Score,CI-lower,CI-high
ExtraTreesClassifier,roc_auc,0.758556903622693,0.643037694881454,0.874076112363932
RandomForestClassifier,roc_auc,0.727934894053315,0.5546914220743282,0.9011783660323018
AdaBoostClassifier,roc_auc,0.6777557530189109,0.5080955500691535,0.8474159559686683
XGBClassifier,roc_auc,0.8037400318979266,0.669787108928738,0.9376929548671152
LinearDiscriminantAnalysis,roc_auc,0.7298131692868534,0.6076066452622607,0.852019693311446
SVC,roc_auc,0.7731920710868079,0.617044068644975,0.9293400735286408
LassoRegression,roc_auc,0.8130821371610846,0.7058752149059984,0.9202890594161708
RidgeRegression,roc_auc,0.7933276372750057,0.6643805000178102,0.9222747745322011
