Model,Scoring,Score,CI-lower,CI-high
ExtraTreesClassifier,roc_auc,0.9810823170731707,0.9356490530830113,1.0265155810633302
RandomForestClassifier,roc_auc,0.9456859756097561,0.7004451337197195,1.1909268174997927
AdaBoostClassifier,roc_auc,0.9914634146341463,0.9535995739115609,1.0293272553567319
XGBClassifier,roc_auc,0.9841463414634146,0.9391068650911721,1.029185817835657
LinearDiscriminantAnalysis,roc_auc,0.9826524390243903,0.916364098340312,1.0489407797084684
SVC,roc_auc,0.9802743902439024,0.9128947963978056,1.0476539840899992
LassoRegression,roc_auc,0.9767682926829269,0.8970184421033813,1.0565181432624724
RidgeRegression,roc_auc,0.9889634146341463,0.9446481133822692,1.0332787158860233
