Model,Scoring,Score,CI-lower,CI-high
ExtraTreesClassifier,roc_auc,0.6748520710059173,0.423686223594057,0.9260179184177775
RandomForestClassifier,roc_auc,0.7093617920540998,0.5089480643495425,0.909775519758657
AdaBoostClassifier,roc_auc,0.6947168216398986,0.5327723613849045,0.8566612818948927
XGBClassifier,roc_auc,0.7608622147083686,0.5784248128799715,0.9432996165367656
LinearDiscriminantAnalysis,roc_auc,0.6740067624683008,0.48321553202248957,0.8647979929141121
SVC,roc_auc,0.6300929839391378,0.45378107507673765,0.8064048928015379
LassoRegression,roc_auc,0.6838546069315301,0.5627162601981531,0.8049929536649071
RidgeRegression,roc_auc,0.6749788672865596,0.46173447900094533,0.888223255572174
