Model,Scoring,Score,CI-lower,CI-high
ExtraTreesClassifier,roc_auc,0.7342173615857825,0.6374335657919019,0.8310011573796632
RandomForestClassifier,roc_auc,0.7510406698564595,0.6629992732697563,0.8390820664431626
AdaBoostClassifier,roc_auc,0.7437833219412167,0.6242352678378231,0.8633313760446102
XGBClassifier,roc_auc,0.7953337890179994,0.6132247663265253,0.9774428117094736
LinearDiscriminantAnalysis,roc_auc,0.7306071998177261,0.573575888887366,0.8876385107480863
SVC,roc_auc,0.7744212804739121,0.6275921133251862,0.9212504476226381
LassoRegression,roc_auc,0.8106436545910232,0.7304144975423338,0.8908728116397125
RidgeRegression,roc_auc,0.8123012075643654,0.613125454532744,1.0114769605959868
