Model,Scoring,Score,CI-lower,CI-high
ExtraTreesClassifier,roc_auc,0.6949704142011834,0.5296899830193885,0.8602508453829784
RandomForestClassifier,roc_auc,0.6662299239222316,0.487438455555827,0.8450213922886362
AdaBoostClassifier,roc_auc,0.6581994928148773,0.5093171404045332,0.8070818452252214
XGBClassifier,roc_auc,0.7361792054099746,0.5072604139006942,0.965097996919255
LinearDiscriminantAnalysis,roc_auc,0.6555367709213863,0.4467825262613537,0.864291015581419
SVC,roc_auc,0.6254860524091294,0.4453300186169558,0.805642086201303
LassoRegression,roc_auc,0.708748943364328,0.45713154378092424,0.9603663429477318
RidgeRegression,roc_auc,0.6732037193575656,0.4781095854128723,0.868297853302259
