Model,Scoring,Score,CI-lower,CI-high
ExtraTreesClassifier,roc_auc,0.5549999999999999,-0.009269439186635475,1.1192694391866354
RandomForestClassifier,roc_auc,0.48250000000000004,0.05820646952846431,0.9067935304715358
AdaBoostClassifier,roc_auc,0.6849999999999999,0.5016969722017663,0.8683030277982335
XGBClassifier,roc_auc,0.7125,0.1323060669052114,1.2926939330947886
LinearDiscriminantAnalysis,roc_auc,0.5775,0.019176617004087904,1.1358233829959121
SVC,roc_auc,0.675,0.17052006977482248,1.1794799302251775
LassoRegression,roc_auc,0.8074999999999999,0.38556991100420424,1.2294300889957954
RidgeRegression,roc_auc,0.7625,0.3667412350939021,1.1582587649060978
