Model,Scoring,Score,CI-lower,CI-high
ExtraTreesClassifier,roc_auc,0.725,0.2652295258622092,1.1847704741377907
RandomForestClassifier,roc_auc,0.7,0.27215007823355214,1.1278499217664477
AdaBoostClassifier,roc_auc,0.6083333333333333,0.03557199075201389,1.1810946759146526
XGBClassifier,roc_auc,0.75,0.25,1.25
LinearDiscriminantAnalysis,roc_auc,0.725,0.15223865741868048,1.2977613425813195
SVC,roc_auc,0.7416666666666666,0.3236687932005181,1.1596645401328152
LassoRegression,roc_auc,0.6333333333333333,0.16666666666666663,1.1
RidgeRegression,roc_auc,0.7333333333333333,0.4016708542977933,1.0649958123688732
