Model,Scoring,Score,CI-lower,CI-high
ExtraTreesClassifier,roc_auc,0.65,0.02283707592577411,1.277162924074226
RandomForestClassifier,roc_auc,0.5083333333333334,-0.26068479967062186,1.2773514663372887
AdaBoostClassifier,roc_auc,0.6166666666666667,-0.02969064765551055,1.263023980988844
XGBClassifier,roc_auc,0.55,0.10778336128594673,0.9922166387140534
LinearDiscriminantAnalysis,roc_auc,0.5666666666666667,-0.0379452382405685,1.1712785715739018
SVC,roc_auc,0.7666666666666667,0.2677790150968079,1.2655543182365254
LassoRegression,roc_auc,0.5083333333333334,-0.010479413875779331,1.0271460805424462
RidgeRegression,roc_auc,0.6416666666666667,0.026804441810109547,1.256528891523224
