Model,Scoring,Score,CI-lower,CI-high
ExtraTreesClassifier,roc_auc,0.675,-0.02499999999999991,1.375
RandomForestClassifier,roc_auc,0.55,-0.12268120235368551,1.2226812023536855
AdaBoostClassifier,roc_auc,0.4875,-0.2579025757937787,1.2329025757937786
XGBClassifier,roc_auc,0.625,0.02292027106038519,1.2270797289396147
LinearDiscriminantAnalysis,roc_auc,0.775,0.05215838525995198,1.497841614740048
SVC,roc_auc,0.625,-0.125,1.375
LassoRegression,roc_auc,0.775,0.30330094339716984,1.2466990566028302
RidgeRegression,roc_auc,0.65,0.050000000000000044,1.25
