Model,Scoring,Score,CI-lower,CI-high
ExtraTreesClassifier,roc_auc,0.7,0.027318797646314508,1.3726812023536854
RandomForestClassifier,roc_auc,0.6875,0.08283066887760882,1.2921693311223912
AdaBoostClassifier,roc_auc,0.475,-0.21238635424337604,1.162386354243376
XGBClassifier,roc_auc,0.525,-0.042890834580027404,1.0928908345800274
LinearDiscriminantAnalysis,roc_auc,0.575,-0.23277472107017572,1.3827747210701755
SVC,roc_auc,0.625,-0.125,1.375
LassoRegression,roc_auc,0.75,0.11754446796632412,1.382455532033676
RidgeRegression,roc_auc,0.6,0.0,1.2
