Model,Scoring,Score,CI-lower,CI-high
ExtraTreesClassifier,roc_auc,0.60375,0.0834075646749537,1.1240924353250463
RandomForestClassifier,roc_auc,0.53625,0.14952496848535912,0.9229750315146409
AdaBoostClassifier,roc_auc,0.7224999999999999,0.30870657327598827,1.1362934267240115
XGBClassifier,roc_auc,0.6075,0.0917238857798861,1.123276114220114
LinearDiscriminantAnalysis,roc_auc,0.64,0.2405003128912364,1.0394996871087636
SVC,roc_auc,0.7275,0.18185817608984556,1.2731418239101546
LassoRegression,roc_auc,0.8074999999999999,0.4834243915380238,1.131575608461976
RidgeRegression,roc_auc,0.6725,0.19792123941330875,1.1470787605866912
