Model,Scoring,Score,CI-lower,CI-high
ExtraTreesClassifier,roc_auc,0.7333333333333333,0.26310880067780384,1.2035578659888628
RandomForestClassifier,roc_auc,0.7833333333333333,0.438128080379867,1.1285385862867996
AdaBoostClassifier,roc_auc,0.675,-0.13620623490919714,1.4862062349091971
XGBClassifier,roc_auc,0.7083333333333334,0.04899865183825047,1.3676680148284164
LinearDiscriminantAnalysis,roc_auc,0.625,0.11265246170202003,1.13734753829798
SVC,roc_auc,0.6333333333333333,-0.03416614648335958,1.3008328131500262
LassoRegression,roc_auc,0.6916666666666667,0.375,1.0083333333333333
RidgeRegression,roc_auc,0.8333333333333333,0.41169631197754936,1.254970354689117
