Model,Scoring,Score,CI-lower,CI-high
ExtraTreesClassifier,roc_auc,0.710952380952381,0.512418915060534,0.909485846844228
RandomForestClassifier,roc_auc,0.7029100529100529,0.557446277438203,0.8483738283819029
AdaBoostClassifier,roc_auc,0.7486243386243386,0.5450156478024778,0.9522330294461995
XGBClassifier,roc_auc,0.7612169312169312,0.5528082424012677,0.9696256200325948
LinearDiscriminantAnalysis,roc_auc,0.7415873015873016,0.6110641313224765,0.8721104718521266
SVC,roc_auc,0.7041798941798942,0.4780740218251862,0.9302857665346023
LassoRegression,roc_auc,0.7380952380952381,0.5384662325051088,0.9377242436853674
RidgeRegression,roc_auc,0.6983068783068783,0.483929446762495,0.9126843098512616
