Model,Scoring,Score,CI-lower,CI-high
ExtraTreesClassifier,roc_auc,0.7054232804232805,0.47005223953476155,0.9407943213117995
RandomForestClassifier,roc_auc,0.7072486772486772,0.6100887036554743,0.8044086508418802
AdaBoostClassifier,roc_auc,0.716031746031746,0.5445391392705934,0.8875243527928987
XGBClassifier,roc_auc,0.8052380952380952,0.612384937006347,0.9980912534698434
LinearDiscriminantAnalysis,roc_auc,0.717089947089947,0.4930964769575265,0.9410834172223674
SVC,roc_auc,0.7025925925925927,0.5373935788372418,0.8677916063479435
LassoRegression,roc_auc,0.7457671957671957,0.515775405674636,0.9757589858597555
RidgeRegression,roc_auc,0.7073544973544973,0.5510890115733585,0.863619983135636
