Model,Scoring,Score,CI-lower,CI-high
ExtraTreesClassifier,roc_auc,0.7395454545454545,0.4659816272686918,1.0131092818222172
RandomForestClassifier,roc_auc,0.7787878787878788,0.5200370215007746,1.037538736074983
AdaBoostClassifier,roc_auc,0.7634632034632034,0.49554792794887303,1.0313784789775338
XGBClassifier,roc_auc,0.8061471861471862,0.5832816343493699,1.0290127379450025
LinearDiscriminantAnalysis,roc_auc,0.7572294372294373,0.5414984069195193,0.9729604675393552
SVC,roc_auc,0.7460173160173159,0.47415693330242703,1.017877698732205
LassoRegression,roc_auc,0.7874891774891776,0.5219474873572822,1.053030867621073
RidgeRegression,roc_auc,0.7944588744588745,0.5929697684005134,0.9959479805172357
