Model,Scoring,Score,CI-lower,CI-high
ExtraTreesClassifier,roc_auc,0.6552380952380952,0.1858736868667265,1.1246025036094638
RandomForestClassifier,roc_auc,0.6430952380952382,0.2929174406895226,0.9932730355009538
AdaBoostClassifier,roc_auc,0.7083333333333333,0.22587811411733932,1.1907885525493271
XGBClassifier,roc_auc,0.72,0.312228555413197,1.127771444586803
LinearDiscriminantAnalysis,roc_auc,0.6964285714285714,0.35236159224021557,1.0404955506169271
SVC,roc_auc,0.6964285714285714,0.23526937933378644,1.1575877635233565
LassoRegression,roc_auc,0.7123809523809523,0.3333034230513567,1.091458481710548
RidgeRegression,roc_auc,0.7138095238095238,0.2536863026124109,1.1739327450066366
