Model,Scoring,Score,CI-lower,CI-high
ExtraTreesClassifier,roc_auc,0.7207792207792207,0.5539727353218581,0.8875857062365834
RandomForestClassifier,roc_auc,0.7367748917748917,0.46663680429304005,1.0069129792567435
AdaBoostClassifier,roc_auc,0.7832034632034632,0.5479200110008471,1.0184869154060794
XGBClassifier,roc_auc,0.8246753246753247,0.6425313164788038,1.0068193328718456
LinearDiscriminantAnalysis,roc_auc,0.7666233766233767,0.581866482538925,0.9513802707078283
SVC,roc_auc,0.7351082251082252,0.4446100485091759,1.0256064017072744
LassoRegression,roc_auc,0.8084848484848484,0.5423595194964482,1.0746101774732484
RidgeRegression,roc_auc,0.7792207792207793,0.5656812151037256,0.9927603433378329
