Model,Scoring,Score,CI-lower,CI-high
ExtraTreesClassifier,roc_auc,0.628452380952381,0.0415908931243828,1.2153138687803793
RandomForestClassifier,roc_auc,0.6698809523809525,0.17153442330851199,1.168227481453393
AdaBoostClassifier,roc_auc,0.7309523809523808,0.31346611221950516,1.1484386496852563
XGBClassifier,roc_auc,0.7035714285714285,0.2200129541487988,1.1871299029940583
LinearDiscriminantAnalysis,roc_auc,0.6480952380952382,0.024693699391611035,1.2714967767988652
SVC,roc_auc,0.6842857142857144,0.23056739036621748,1.1380040382052112
LassoRegression,roc_auc,0.7645238095238096,0.3564174586166059,1.1726301604310132
RidgeRegression,roc_auc,0.7509523809523809,0.4399434894199283,1.0619612724848335
