Model,Scoring,Score,CI-lower,CI-high
ExtraTreesClassifier,roc_auc,0.6499999999999999,0.2577796466837097,1.0422203533162901
RandomForestClassifier,roc_auc,0.4427083333333333,-0.006562874352576076,0.8919795410192427
AdaBoostClassifier,roc_auc,0.575,0.16159610817291786,0.9884038918270821
XGBClassifier,roc_auc,0.5083333333333333,0.10298711643282299,0.9136795502338436
LinearDiscriminantAnalysis,roc_auc,0.55,0.09692409269772717,1.0030759073022728
SVC,roc_auc,0.4833333333333333,0.17953789777403023,0.7871287688926363
LassoRegression,roc_auc,0.6250000000000001,0.2854741868756107,0.9645258131243895
RidgeRegression,roc_auc,0.5604166666666667,0.2076252189875094,0.9132081143458239
