Model,Scoring,Score,CI-lower,CI-high
ExtraTreesClassifier,roc_auc,0.5177083333333334,0.11158655869753115,0.9238301079691358
RandomForestClassifier,roc_auc,0.4520833333333333,0.028064858893048272,0.8761018077736182
AdaBoostClassifier,roc_auc,0.5645833333333334,0.09745186837346198,1.031714798293205
XGBClassifier,roc_auc,0.5520833333333333,0.09631398986621886,1.0078526768004477
LinearDiscriminantAnalysis,roc_auc,0.5083333333333333,0.016313686029149566,1.000352980637517
SVC,roc_auc,0.5479166666666666,0.1968023690369632,0.8990309642963701
LassoRegression,roc_auc,0.5854166666666666,0.03376195884059663,1.1370713744927365
RidgeRegression,roc_auc,0.54375,0.06596212865959011,1.0215378713404097
