Model,Scoring,Score,CI-lower,CI-high
ExtraTreesClassifier,roc_auc,0.9900269541778975,0.9345353779732279,1.0455185303825671
RandomForestClassifier,roc_auc,0.9900606469002694,0.9378108490465661,1.0423104447539726
AdaBoostClassifier,roc_auc,0.9912398921832886,0.9456681964941412,1.036811587872436
XGBClassifier,roc_auc,0.9886792452830189,0.924268347035067,1.0530901435309707
LinearDiscriminantAnalysis,roc_auc,0.9665768194070081,0.9068520235346142,1.026301615279402
SVC,roc_auc,0.9861185983827493,0.9107041996488991,1.0615329971165994
LassoRegression,roc_auc,0.9921832884097036,0.9452830188679247,1.0390835579514826
RidgeRegression,roc_auc,0.9892183288409704,0.9280376885860439,1.050398969095897
