Model,Scoring,Score,CI-lower,CI-high
ExtraTreesClassifier,roc_auc,0.8054976851851853,0.672078729186469,0.9389166411839015
RandomForestClassifier,roc_auc,0.7864886463844797,0.5749897405999085,0.9979875521690509
AdaBoostClassifier,roc_auc,0.7861882716049383,0.6564272397493119,0.9159493034605647
XGBClassifier,roc_auc,0.8237158289241624,0.6707356870324485,0.9766959708158763
LinearDiscriminantAnalysis,roc_auc,0.7381723985890651,0.592397105896146,0.8839476912819842
SVC,roc_auc,0.8050852439741328,0.5933851373210393,1.0167853506272264
LassoRegression,roc_auc,0.8262198706643151,0.6848233798366286,0.9676163614920017
RidgeRegression,roc_auc,0.8378931510875957,0.6695069505153826,1.0062793516598088
