Model,Scoring,Score,CI-lower,CI-high
ExtraTreesClassifier,roc_auc,0.6696693121693122,0.49028597079123115,0.8490526535473933
RandomForestClassifier,roc_auc,0.6625661375661376,0.39742128839674096,0.9277109867355342
AdaBoostClassifier,roc_auc,0.5924779541446209,0.41384357065921296,0.7711123376300288
XGBClassifier,roc_auc,0.659320987654321,0.4742984665026154,0.8443435088060266
LinearDiscriminantAnalysis,roc_auc,0.4768694885361552,0.2798934149971595,0.6738455620751509
SVC,roc_auc,0.5132892416225749,0.2569059314584833,0.7696725517866666
LassoRegression,roc_auc,0.5485008818342152,0.3404642473670688,0.7565375163013616
RidgeRegression,roc_auc,0.6403174603174604,0.36828700045563795,0.9123479201792828
