Model,Scoring,Score,CI-lower,CI-high
ExtraTreesClassifier,roc_auc,0.9894179894179894,0.934930909685903,1.043905069150076
RandomForestClassifier,roc_auc,0.9915343915343915,0.9424790392105851,1.040589743858198
AdaBoostClassifier,roc_auc,0.993915343915344,0.9591352837469952,1.0286954040836929
XGBClassifier,roc_auc,0.9882562144354597,0.9228104317878396,1.0537019970830799
LinearDiscriminantAnalysis,roc_auc,0.9471635719277229,0.8921953950204695,1.0021317488349764
SVC,roc_auc,0.9873851951682141,0.9184615997411589,1.0563087905952693
LassoRegression,roc_auc,0.9920634920634921,0.9444444444444445,1.0396825396825398
RidgeRegression,roc_auc,0.9900656384146951,0.9322016310143391,1.047929645815051
