Model,Scoring,Score,CI-lower,CI-high
ExtraTreesClassifier,roc_auc,0.6414933523266857,0.38859478966588445,0.8943919149874869
RandomForestClassifier,roc_auc,0.632818138651472,0.3895625462223119,0.876073731080632
AdaBoostClassifier,roc_auc,0.5563912630579297,0.34861206527604277,0.7641704608398168
XGBClassifier,roc_auc,0.6793257359924028,0.46296214284818715,0.8956893291366184
LinearDiscriminantAnalysis,roc_auc,0.4950474833808167,0.21654928187813388,0.7735456848834996
SVC,roc_auc,0.5515906932573599,0.2584436876060205,0.8447376989086992
LassoRegression,roc_auc,0.5956600189933523,0.31917258749490757,0.872147450491797
RidgeRegression,roc_auc,0.584363722697056,0.31478073808443363,0.8539467073096785
