Model,Scoring,Score,CI-lower,CI-high
ExtraTreesRegressor,neg_mean_squared_error,-1.1215666070893093,-1.4538153321022025,-0.7893178820764162
RandomForestRegressor,neg_mean_squared_error,-1.1481464308407276,-1.3703086220533318,-0.9259842396281235
AdaBoostRegressor,neg_mean_squared_error,-1.1468990757508688,-1.3483608389723227,-0.9454373125294149
XGBRegressor,neg_mean_squared_error,-1.2272905214629195,-1.6912563679601231,-0.7633246749657159
SVR,neg_mean_squared_error,-3.006604098876747,-3.9030844411932306,-2.1101237565602635
LassoRegression,neg_mean_squared_error,-1.3486034855339082,-1.3879535044425064,-1.30925346662531
RidgeRegression,neg_mean_squared_error,-2.2870811022187167,-3.2374281127937707,-1.3367340916436627
