Model,Scoring,Score,CI-lower,CI-high
ExtraTreesClassifier,roc_auc,0.6183564814814815,0.35705327446338464,0.8796596884995783
RandomForestClassifier,roc_auc,0.6631712962962962,0.36085786753763366,0.9654847250549587
AdaBoostClassifier,roc_auc,0.726388888888889,0.46015660378877266,0.9926211739890053
XGBClassifier,roc_auc,0.705324074074074,0.4208594209291026,0.9897887272190455
LinearDiscriminantAnalysis,roc_auc,0.5988888888888889,0.3135479621986497,0.8842298155791282
SVC,roc_auc,0.6096759259259258,0.342557144452893,0.8767947073989586
LassoRegression,roc_auc,0.656574074074074,0.4608526061557201,0.8522955419924279
RidgeRegression,roc_auc,0.6199999999999999,0.30481535883756733,0.9351846411624325
