Model,Scoring,Score,CI-lower,CI-high
ExtraTreesClassifier,roc_auc,0.5298433048433049,0.30764961942556324,0.7520369902610465
RandomForestClassifier,roc_auc,0.49263710826210827,0.2718466637422623,0.7134275527819542
AdaBoostClassifier,roc_auc,0.5403311965811965,0.3957794582971159,0.6848829348652772
XGBClassifier,roc_auc,0.5640580484330485,0.4336578911339405,0.6944582057321566
LinearDiscriminantAnalysis,roc_auc,0.5284455128205129,0.3297976487523274,0.7270933768886984
SVC,roc_auc,0.5159811253561253,0.23242525574629125,0.7995369949659593
LassoRegression,roc_auc,0.494355413105413,0.2545865594716187,0.7341242667392073
RidgeRegression,roc_auc,0.5499554843304842,0.38835322076635714,0.7115577478946113
