Model,Scoring,Score,CI-lower,CI-high
ExtraTreesClassifier,roc_auc,0.5356481481481482,0.3415779637121529,0.7297183325841435
RandomForestClassifier,roc_auc,0.5952679843304842,0.43245111181661966,0.7580848568443488
AdaBoostClassifier,roc_auc,0.5673433048433048,0.28958616255697095,0.8451004471296386
XGBClassifier,roc_auc,0.5833155270655271,0.2648132782850411,0.9018177758460132
LinearDiscriminantAnalysis,roc_auc,0.5265580484330484,0.35321279121510857,0.6999033056509882
SVC,roc_auc,0.5065438034188035,0.167703231696818,0.8453843751407889
LassoRegression,roc_auc,0.4808849715099715,0.2684553749272594,0.6933145680926835
RidgeRegression,roc_auc,0.476264245014245,0.17803918379485495,0.7744893062336351
