Model,Scoring,Score,CI-lower,CI-high
ExtraTreesRegressor,neg_mean_squared_error,-1.1421513055550219,-1.4532259150962745,-0.8310766960137692
RandomForestRegressor,neg_mean_squared_error,-1.10498318156502,-1.3404954683991173,-0.8694708947309226
AdaBoostRegressor,neg_mean_squared_error,-1.146869778060563,-1.4360004640816397,-0.8577390920394864
XGBRegressor,neg_mean_squared_error,-1.215045090460384,-1.402112010209983,-1.027978170710785
SVR,neg_mean_squared_error,-3.1801488588160702,-4.365904740050675,-1.9943929775814646
LassoRegression,neg_mean_squared_error,-1.356902302293269,-1.3942101925537833,-1.3195944120327545
RidgeRegression,neg_mean_squared_error,-2.514286683934682,-3.153896748906973,-1.8746766189623911
