Model,Scoring,Score,CI-lower,CI-high
ExtraTreesClassifier,roc_auc,0.6059081196581196,0.3614143509135414,0.8504018884026978
RandomForestClassifier,roc_auc,0.5286004273504273,0.2779738648237025,0.7792269898771522
AdaBoostClassifier,roc_auc,0.5429273504273504,0.21213529253440122,0.8737194083202996
XGBClassifier,roc_auc,0.6089102564102564,0.32102612077629794,0.896794392044215
LinearDiscriminantAnalysis,roc_auc,0.48732905982905983,0.23572684141784328,0.7389312782402764
SVC,roc_auc,0.5520726495726496,0.2720224410512795,0.8321228580940196
LassoRegression,roc_auc,0.5477991452991453,0.38492064764917094,0.7106776429491197
RidgeRegression,roc_auc,0.5140170940170941,0.3086175050185129,0.7194166830156752
