Model,Scoring,Score,CI-lower,CI-high
ExtraTreesClassifier,roc_auc,0.7866631054131055,0.5531502972877453,1.0201759135384656
RandomForestClassifier,roc_auc,0.760835113960114,0.582768571088951,0.9389016568312771
AdaBoostClassifier,roc_auc,0.7653490028490029,0.5633317473932999,0.9673662583047058
XGBClassifier,roc_auc,0.8384615384615385,0.66183220773919,1.015090869183887
LinearDiscriminantAnalysis,roc_auc,0.75,0.6010235222685086,0.8989764777314914
SVC,roc_auc,0.8131766381766381,0.6641386404102699,0.9622146359430063
LassoRegression,roc_auc,0.8513532763532764,0.7303904564511657,0.9723160962553871
RidgeRegression,roc_auc,0.8206196581196581,0.7119666115291241,0.9292727047101921
