Model,Scoring,Score,CI-lower,CI-high
ExtraTreesClassifier,roc_auc,0.6190972222222222,0.3269017690228776,0.9112926754215668
RandomForestClassifier,roc_auc,0.6629861111111113,0.30820883247242564,1.0177633897497969
AdaBoostClassifier,roc_auc,0.7065277777777779,0.5020937125219183,0.9109618430336375
XGBClassifier,roc_auc,0.6636111111111112,0.33393955738932984,0.9932826648328925
LinearDiscriminantAnalysis,roc_auc,0.6062500000000001,0.2897435834325076,0.9227564165674925
SVC,roc_auc,0.6188888888888889,0.43033444641198054,0.8074433313657974
LassoRegression,roc_auc,0.5765277777777778,0.30336768701562933,0.8496878685399262
RidgeRegression,roc_auc,0.6326388888888889,0.43602696147857123,0.8292508162992065
