Model,Scoring,Score,CI-lower,CI-high
ExtraTreesClassifier,roc_auc,0.7012485585402253,0.5656553522794978,0.8368417648009527
RandomForestClassifier,roc_auc,0.6937873083706416,0.5715046268488786,0.8160699898924046
AdaBoostClassifier,roc_auc,0.6890270994437662,0.5202933897903526,0.8577608090971798
XGBClassifier,roc_auc,0.733647910731244,0.5820848636330072,0.8852109578294809
LinearDiscriminantAnalysis,roc_auc,0.6208426604259938,0.3668905540869372,0.8747947667650504
SVC,roc_auc,0.6817969067969069,0.4974352901035183,0.8661585234902954
LassoRegression,roc_auc,0.7106040564373897,0.5141045095301517,0.9071036033446276
RidgeRegression,roc_auc,0.7301036155202822,0.6139192466819553,0.8462879843586092
