Model,Scoring,Score,CI-lower,CI-high
ExtraTreesClassifier,roc_auc,0.686898239462342,0.4487166657730137,0.9250798131516702
RandomForestClassifier,roc_auc,0.7045218788808532,0.5110637371728822,0.8979800205888241
AdaBoostClassifier,roc_auc,0.6627337643363285,0.5611185984017018,0.7643489302709552
XGBClassifier,roc_auc,0.7088337351157865,0.5774074202795426,0.8402600499520304
LinearDiscriminantAnalysis,roc_auc,0.6486932938856016,0.4829462453782196,0.8144403423929836
SVC,roc_auc,0.6679350208196363,0.47576706928307194,0.8601029723562006
LassoRegression,roc_auc,0.7009350573453138,0.46449818136910737,0.9373719333215202
RidgeRegression,roc_auc,0.7358755204909051,0.5765213725396068,0.8952296684422034
