Model,Scoring,Score,CI-lower,CI-high
ExtraTreesRegressor,neg_mean_squared_error,-1.153169781140855,-1.4650437804621326,-0.8412957818195774
RandomForestRegressor,neg_mean_squared_error,-1.1524642573961332,-1.3146937026404724,-0.9902348121517941
AdaBoostRegressor,neg_mean_squared_error,-1.1378737404822232,-1.3975414688640893,-0.8782060121003571
XGBRegressor,neg_mean_squared_error,-1.2939918161633552,-1.7582350803208753,-0.8297485520058353
SVR,neg_mean_squared_error,-3.3620963999823936,-4.69443780320969,-2.029754996755097
LassoRegression,neg_mean_squared_error,-1.356902302293269,-1.3942101925537833,-1.3195944120327545
RidgeRegression,neg_mean_squared_error,-2.2981662402967706,-2.900391692352971,-1.6959407882405704
