Model,Scoring,Score,CI-lower,CI-high
ExtraTreesClassifier,roc_auc,0.5820512820512821,0.35624338435440434,0.8078591797481598
RandomForestClassifier,roc_auc,0.5940811965811965,0.3426319274041243,0.8455304657582687
AdaBoostClassifier,roc_auc,0.5375,0.309963586612933,0.765036413387067
XGBClassifier,roc_auc,0.5961324786324786,0.28096737945438566,0.9112975778105716
LinearDiscriminantAnalysis,roc_auc,0.46074786324786327,0.14986629993230433,0.7716294265634223
SVC,roc_auc,0.6086965811965811,0.30463976732969966,0.9127533950634625
LassoRegression,roc_auc,0.5783333333333334,0.22662677717656293,0.9300398894901039
RidgeRegression,roc_auc,0.5634615384615385,0.23149771801630759,0.8954253589067693
