Model,Scoring,Score,CI-lower,CI-high
ExtraTreesRegressor,neg_mean_squared_error,-1.1321049961756884,-1.323791373995039,-0.9404186183563378
RandomForestRegressor,neg_mean_squared_error,-1.1110661308667513,-1.3705045833734375,-0.8516276783600651
AdaBoostRegressor,neg_mean_squared_error,-1.139527300743685,-1.4017926127302278,-0.8772619887571422
XGBRegressor,neg_mean_squared_error,-1.2526877684806377,-1.531853297543699,-0.9735222394175765
SVR,neg_mean_squared_error,-3.1883819476879283,-4.786749666718083,-1.5900142286577734
Lasso,neg_mean_squared_error,-1.3486034855339082,-1.3879535044425064,-1.30925346662531
Ridge,neg_mean_squared_error,-2.171654659640749,-2.879830931668824,-1.4634783876126738
