Model,Scoring,Score,CI-lower,CI-high
ExtraTreesClassifier,roc_auc,0.6552272727272728,0.3752032920540702,0.9352512534004753
RandomForestClassifier,roc_auc,0.7267424242424243,0.4289035215826855,1.024581326902163
AdaBoostClassifier,roc_auc,0.6256060606060607,0.43597372579504556,0.8152383954170759
XGBClassifier,roc_auc,0.6218181818181818,0.404550737564757,0.8390856260716066
LinearDiscriminantAnalysis,roc_auc,0.6299999999999999,0.32405702830694944,0.9359429716930503
SVC,roc_auc,0.6625757575757576,0.2762910359854933,1.0488604791660219
LassoRegression,roc_auc,0.6406060606060606,0.38010995977319284,0.9011021614389284
RidgeRegression,roc_auc,0.6957575757575757,0.5215491469263351,0.8699660045888162
