Model,Scoring,Score,CI-lower,CI-high
ExtraTreesClassifier,roc_auc,0.6241666666666666,0.35478179352687206,0.8935515398064613
RandomForestClassifier,roc_auc,0.48986111111111114,0.03936061783230854,0.9403616043899137
AdaBoostClassifier,roc_auc,0.5375,0.22505000400064012,0.8499499959993598
XGBClassifier,roc_auc,0.5369444444444443,0.2145302296121483,0.8593586592767404
LinearDiscriminantAnalysis,roc_auc,0.6461111111111112,0.21781993290015,1.0744022893220724
SVC,roc_auc,0.5627777777777778,0.36105372717252004,0.7645018283830356
LassoRegression,roc_auc,0.7122222222222223,0.47258257505625945,0.9518618693881852
RidgeRegression,roc_auc,0.5752777777777778,0.28781924614685295,0.8627363094087026
