Model,Scoring,Score,CI-lower,CI-high
ExtraTreesClassifier,roc_auc,0.6448888888888888,0.40311723863973836,0.8866605391380393
RandomForestClassifier,roc_auc,0.6662222222222222,0.406083228035852,0.9263612164085924
AdaBoostClassifier,roc_auc,0.7028888888888889,0.3568150367834299,1.0489627409943478
XGBClassifier,roc_auc,0.6608888888888889,0.49398594525818895,0.8277918325195888
LinearDiscriminantAnalysis,roc_auc,0.6524444444444445,0.3862804738187054,0.9186084150701836
SVC,roc_auc,0.6444444444444445,0.3836195422022896,0.9052693466865993
LassoRegression,roc_auc,0.6313333333333334,0.4027795333076658,0.859887133359001
RidgeRegression,roc_auc,0.6544444444444444,0.3692284768897716,0.9396604119991172
