Model,Scoring,Score,CI-lower,CI-high
ExtraTreesRegressor,neg_mean_squared_error,-0.7530385273201908,-0.8484648413656024,-0.6576122132747793
RandomForestRegressor,neg_mean_squared_error,-0.7458229063522069,-0.8797314876246749,-0.611914325079739
AdaBoostRegressor,neg_mean_squared_error,-0.8167792956067798,-0.9368351528600827,-0.6967234383534768
XGBRegressor,neg_mean_squared_error,-0.7692957928584149,-1.0314841475761614,-0.5071074381406684
SVR,neg_mean_squared_error,-1.9660755712919495,-2.492059926605788,-1.440091215978111
Lasso,neg_mean_squared_error,-0.7669648980077404,-0.8183217894043409,-0.7156080066111399
Ridge,neg_mean_squared_error,-1.8955802062524783,-2.499994546484062,-1.2911658660208944
