Model,Scoring,Score,CI-lower,CI-high
ExtraTreesClassifier,roc_auc,0.5571464646464646,0.34337676988185317,0.7709161594110759
RandomForestClassifier,roc_auc,0.5668434343434343,0.37879880649394004,0.7548880621929286
AdaBoostClassifier,roc_auc,0.500959595959596,0.3488070980700807,0.6531120938491114
XGBClassifier,roc_auc,0.5700505050505049,0.44079384189180615,0.6993071682092037
LinearDiscriminantAnalysis,roc_auc,0.5106565656565657,0.28308080808080816,0.7382323232323232
SVC,roc_auc,0.5402020202020201,0.4406702114114309,0.6397338289926093
LassoRegression,roc_auc,0.497929292929293,0.3418012306227102,0.6540573552358758
RidgeRegression,roc_auc,0.5391919191919192,0.34915156776654266,0.7292322706172958
