Model,Scoring,Score,CI-lower,CI-high
ExtraTreesRegressor,neg_mean_squared_error,-0.7666351606805293,-0.9628245527530225,-0.5704457686080361
RandomForestRegressor,neg_mean_squared_error,-0.7831397965613467,-0.9412137939253644,-0.625065799197329
AdaBoostRegressor,neg_mean_squared_error,-0.8384766043118391,-1.0593968258948605,-0.6175563827288179
XGBRegressor,neg_mean_squared_error,-0.8716476930039722,-1.1352582561762432,-0.6080371298317012
SVR,neg_mean_squared_error,-2.0818633217844873,-2.752562207278695,-1.4111644362902798
LassoRegression,neg_mean_squared_error,-0.7669648980077404,-0.8183217894043409,-0.7156080066111399
RidgeRegression,neg_mean_squared_error,-1.7306640923339867,-2.3809940719867404,-1.080334112681233
