Model,Scoring,Score,CI-lower,CI-high
ExtraTreesClassifier,roc_auc,0.7269680942552459,0.5860757227567449,0.8678604657537469
RandomForestClassifier,roc_auc,0.7301298589611283,0.5769656166937347,0.8832941012285218
AdaBoostClassifier,roc_auc,0.7250197798417612,0.5782453460562376,0.8717942136272849
XGBClassifier,roc_auc,0.7654248366013072,0.6338408073450126,0.8970088658576019
LinearDiscriminantAnalysis,roc_auc,0.683672170622635,0.5762523891959348,0.7910919520493351
SVC,roc_auc,0.7104385964912281,0.5948309415826665,0.8260462513997897
LassoRegression,roc_auc,0.7475326797385622,0.6343000522514718,0.8607653072256526
RidgeRegression,roc_auc,0.7653448572411421,0.6459895433451308,0.8847001711371534
