Model,Scoring,Score,CI-lower,CI-high
ExtraTreesClassifier,roc_auc,0.6090151515151514,0.30011113047483534,0.9179191725554674
RandomForestClassifier,roc_auc,0.675530303030303,0.4817661184433414,0.8692944876172647
AdaBoostClassifier,roc_auc,0.6333333333333333,0.4241589977589288,0.8425076689077378
XGBClassifier,roc_auc,0.6271212121212122,0.2715788426457941,0.9826635815966303
LinearDiscriminantAnalysis,roc_auc,0.6177272727272728,0.31506067280737626,0.9203938726471693
SVC,roc_auc,0.7134848484848485,0.5603034049700353,0.8666662919996617
LassoRegression,roc_auc,0.6104545454545454,0.3270719537227977,0.893837137186293
RidgeRegression,roc_auc,0.6743939393939393,0.3931581449358348,0.9556297338520439
