Model,Scoring,Score,CI-lower,CI-high
ExtraTreesClassifier,roc_auc,0.6633333333333333,0.4294271582001571,0.8972395084665096
RandomForestClassifier,roc_auc,0.6756666666666666,0.44816396013005977,0.9031693732032735
AdaBoostClassifier,roc_auc,0.6962222222222222,0.4436772500628799,0.9487671943815645
XGBClassifier,roc_auc,0.6819999999999999,0.4856334996259906,0.8783665003740093
LinearDiscriminantAnalysis,roc_auc,0.6446666666666667,0.413415000006006,0.8759183333273275
SVC,roc_auc,0.6357777777777778,0.5078511012482078,0.7637044543073478
LassoRegression,roc_auc,0.632888888888889,0.3299629108874172,0.9358148668903608
RidgeRegression,roc_auc,0.6293333333333333,0.28475959415927043,0.9739070725073962
