Model,Scoring,Score,CI-lower,CI-high
ExtraTreesRegressor,neg_mean_squared_error,-0.7557864494253907,-0.8714961803514119,-0.6400767184993696
RandomForestRegressor,neg_mean_squared_error,-0.7876170972484772,-0.9293390456300376,-0.6458951488669168
AdaBoostRegressor,neg_mean_squared_error,-0.8096500538812015,-0.9981262634511006,-0.6211738443113024
XGBRegressor,neg_mean_squared_error,-0.8124930509259707,-1.0332377915453579,-0.5917483103065836
SVR,neg_mean_squared_error,-1.9146592380908198,-2.662045310388039,-1.1672731657936009
LassoRegression,neg_mean_squared_error,-0.7669648980077404,-0.8183217894043409,-0.7156080066111399
RidgeRegression,neg_mean_squared_error,-1.9001802060617372,-2.8270056646751835,-0.9733547474482908
