Model,Scoring,Score,CI-lower,CI-high
ExtraTreesClassifier,roc_auc,0.6394444444444444,0.4160199191153782,0.8628689697735106
RandomForestClassifier,roc_auc,0.6391666666666667,0.39827775215252287,0.8800555811808104
AdaBoostClassifier,roc_auc,0.4788888888888888,0.2972094805691582,0.6605682972086194
XGBClassifier,roc_auc,0.5988888888888889,0.26449059011597015,0.9332871876618076
LinearDiscriminantAnalysis,roc_auc,0.5744444444444443,0.27979252592630577,0.8690963629625829
SVC,roc_auc,0.6222222222222222,0.3169597365067561,0.9274847079376884
LassoRegression,roc_auc,0.655,0.36940121382144026,0.9405987861785599
RidgeRegression,roc_auc,0.6666666666666666,0.3055641026652529,1.0277692306680803
