Model,Scoring,Score,CI-lower,CI-high
ExtraTreesClassifier,roc_auc,0.5569444444444445,0.14966310873195066,0.9642257801569383
RandomForestClassifier,roc_auc,0.5111111111111111,0.16892316188935286,0.8532990603328693
AdaBoostClassifier,roc_auc,0.6333333333333334,0.3433354619064921,0.9233312047601747
XGBClassifier,roc_auc,0.4955555555555556,0.08466071754802529,0.9064503935630859
LinearDiscriminantAnalysis,roc_auc,0.6366666666666668,0.24175458081013645,1.0315787525231972
SVC,roc_auc,0.5208333333333333,0.18591810543746223,0.8557485612292043
LassoRegression,roc_auc,0.6822222222222223,0.3104131646286209,1.0540312798158236
RidgeRegression,roc_auc,0.5750000000000001,0.19987039276774998,0.9501296072322502
