Model,Scoring,Score,CI-lower,CI-high
ExtraTreesClassifier,roc_auc,0.9915125651967758,0.9676552360951585,1.015369894298393
RandomForestClassifier,roc_auc,0.9842401612138454,0.9223010645118507,1.0461792579158402
AdaBoostClassifier,roc_auc,0.9933499288762446,0.9725948818072385,1.0141049759452507
XGBClassifier,roc_auc,0.9951398767188241,0.9782180022024719,1.0120617512351764
LinearDiscriminantAnalysis,roc_auc,0.9964912280701753,0.9824561403508771,1.0105263157894735
SVC,roc_auc,0.9946657183499289,0.973326221089496,1.0160052156103618
LassoRegression,roc_auc,0.9964675201517306,0.9847865635337945,1.0081484767696667
RidgeRegression,roc_auc,0.9981981981981981,0.9873873873873873,1.009009009009009
