Model,Scoring,Score,CI-lower,CI-high
ExtraTreesClassifier,roc_auc,0.6511111111111111,0.40834922503066945,0.8938729971915527
RandomForestClassifier,roc_auc,0.5416666666666667,0.21539895866608844,0.867934374667245
AdaBoostClassifier,roc_auc,0.44000000000000006,0.04836524952734628,0.8316347504726538
XGBClassifier,roc_auc,0.565,0.30404023298600213,0.8259597670139978
LinearDiscriminantAnalysis,roc_auc,0.6377777777777778,0.35315977517181574,0.9223957803837398
SVC,roc_auc,0.5605555555555555,0.3097568314758664,0.8113542796352445
LassoRegression,roc_auc,0.6438888888888888,0.31377667452220703,0.9740011032555707
RidgeRegression,roc_auc,0.6705555555555556,0.44052335169093404,0.9005877594201771
