Model,Scoring,Score,CI-lower,CI-high
ExtraTreesClassifier,roc_auc,0.9934506875296348,0.977421500177252,1.0094798748820177
RandomForestClassifier,roc_auc,0.9883594120436225,0.9336536997461247,1.0430651243411204
AdaBoostClassifier,roc_auc,0.9916251778093885,0.9659651452593986,1.0172852103593784
XGBClassifier,roc_auc,0.9979729729729729,0.9858108108108108,1.010135135135135
LinearDiscriminantAnalysis,roc_auc,0.9955903271692744,0.9793893688389247,1.011791285499624
SVC,roc_auc,0.9955192034139401,0.9810213508972971,1.010017055930583
LassoRegression,roc_auc,0.995542911332385,0.9772170737537318,1.0138687489110383
RidgeRegression,roc_auc,0.9979729729729729,0.9858108108108108,1.010135135135135
