Model,Scoring,Score,CI-lower,CI-high
ExtraTreesRegressor,neg_mean_squared_error,-0.7832911753233114,-0.9403654053235151,-0.6262169453231077
RandomForestRegressor,neg_mean_squared_error,-0.7671623608485612,-0.9437212268859837,-0.5906034948111386
AdaBoostRegressor,neg_mean_squared_error,-0.7877105321421627,-0.9557451075721966,-0.6196759567121288
XGBRegressor,neg_mean_squared_error,-0.8404161507543206,-1.0985268867729527,-0.5823054147356885
SVR,neg_mean_squared_error,-1.923253011484054,-2.8726545580025435,-0.9738514649655647
LassoRegression,neg_mean_squared_error,-0.7669648980077404,-0.8183217894043409,-0.7156080066111399
RidgeRegression,neg_mean_squared_error,-1.8337251115308213,-2.7284939640110184,-0.9389562590506242
