Model,Scoring,Score,CI-lower,CI-high
ExtraTreesClassifier,roc_auc,0.5843434343434344,0.4637617404443136,0.7049251282425552
RandomForestClassifier,roc_auc,0.5592929292929293,0.25189670363785555,0.866689154948003
AdaBoostClassifier,roc_auc,0.536010101010101,0.3364983768719832,0.735521825148219
XGBClassifier,roc_auc,0.5480808080808081,0.3558573384966983,0.7403042776649178
LinearDiscriminantAnalysis,roc_auc,0.5181818181818182,0.41401694216415114,0.6223466941994852
SVC,roc_auc,0.5051010101010102,0.2859112088730543,0.724290811328966
LassoRegression,roc_auc,0.5097979797979798,0.31679931439201164,0.702796645203948
RidgeRegression,roc_auc,0.5106060606060606,0.27840890553173653,0.7428032156803848
