Model,Scoring,Score,CI-lower,CI-high
ExtraTreesClassifier,roc_auc,0.6166666666666667,0.17333530106694073,1.0599980322663927
RandomForestClassifier,roc_auc,0.6443181818181818,0.350178723193036,0.9384576404433276
AdaBoostClassifier,roc_auc,0.7078282828282829,0.3241357932769388,1.091520772379627
XGBClassifier,roc_auc,0.7671717171717172,0.44003463342221916,1.0943088009212152
LinearDiscriminantAnalysis,roc_auc,0.6888888888888888,0.427374147032637,0.9504036307451406
SVC,roc_auc,0.7429292929292929,0.5376425702551879,0.9482160156033979
LassoRegression,roc_auc,0.6964646464646466,0.5108312739121782,0.8820980190171149
RidgeRegression,roc_auc,0.7156565656565657,0.491352724763268,0.9399604065498632
