Model,Scoring,Score,CI-lower,CI-high
ExtraTreesClassifier,roc_auc,0.6646723646723647,0.19246150851835553,1.1368832208263737
RandomForestClassifier,roc_auc,0.7136396011396011,0.43862569221817455,0.9886535100610276
AdaBoostClassifier,roc_auc,0.6675925925925926,0.3155441049130488,1.0196410802721365
XGBClassifier,roc_auc,0.7421652421652423,0.4020564655672336,1.082274018763251
LinearDiscriminantAnalysis,roc_auc,0.7591168091168091,0.4445161935855683,1.0737174246480499
SVC,roc_auc,0.6815527065527066,0.22840742904531353,1.1346979840600997
LassoRegression,roc_auc,0.7236467236467237,0.3166579163232139,1.1306355309702334
RidgeRegression,roc_auc,0.7268518518518519,0.41561784958478915,1.0380858541189146
