Model,Scoring,Score,CI-lower,CI-high
ExtraTreesClassifier,roc_auc,0.7413817663817663,0.405959802871981,1.0768037298915516
RandomForestClassifier,roc_auc,0.6698717948717949,0.3187077786843669,1.021035811059223
AdaBoostClassifier,roc_auc,0.700925925925926,0.35378661958667257,1.0480652322651793
XGBClassifier,roc_auc,0.6645299145299146,0.2309471545072384,1.0981126745525909
LinearDiscriminantAnalysis,roc_auc,0.7320512820512821,0.3092392936729767,1.1548632704295876
SVC,roc_auc,0.6799145299145298,0.38248409038857234,0.9773449694404873
LassoRegression,roc_auc,0.7039173789173789,0.35949894527219967,1.0483358125625581
RidgeRegression,roc_auc,0.7937321937321938,0.5284999741751607,1.0589644132892269
