Model,Scoring,Score,CI-lower,CI-high
ExtraTreesClassifier,roc_auc,0.4288888888888889,-0.2980325751048597,1.1558103528826376
RandomForestClassifier,roc_auc,0.528888888888889,-0.11746460534330971,1.1752423831210876
AdaBoostClassifier,roc_auc,0.5522222222222222,-0.011718935727461077,1.1161633801719053
XGBClassifier,roc_auc,0.6088888888888888,0.12683566709488886,1.0909421106828887
LinearDiscriminantAnalysis,roc_auc,0.72,0.09541717626586643,1.3445828237341335
SVC,roc_auc,0.6700000000000002,0.026395182978073972,1.3136048170219263
LassoRegression,roc_auc,0.588888888888889,0.15798401267410422,1.0197937651036737
RidgeRegression,roc_auc,0.7077777777777776,0.08436225536896969,1.3311933001865857
