Model,Scoring,Score,CI-lower,CI-high
ExtraTreesClassifier,roc_auc,0.5678571428571428,0.12734949347289348,1.0083647922413923
RandomForestClassifier,roc_auc,0.5642857142857143,0.10953281263240289,1.0190386159390257
AdaBoostClassifier,roc_auc,0.48650793650793656,0.1241266017286432,0.8488892712872299
XGBClassifier,roc_auc,0.38571428571428573,-0.1414132526224678,0.9128418240510392
LinearDiscriminantAnalysis,roc_auc,0.48492063492063486,0.03818899176365809,0.9316522780776116
SVC,roc_auc,0.3634920634920634,-0.08539727442109518,0.812381401405222
LassoRegression,roc_auc,0.503968253968254,0.1318992090993481,0.8760372988371599
RidgeRegression,roc_auc,0.4063492063492064,-0.0435493012839841,0.856247713982397
