Model,Scoring,Score,CI-lower,CI-high
ExtraTreesClassifier,roc_auc,0.6077777777777778,-0.03141924936344176,1.2469748049189973
RandomForestClassifier,roc_auc,0.5944444444444444,0.002899073466084201,1.1859898154228046
AdaBoostClassifier,roc_auc,0.49444444444444435,-0.04177460053394022,1.030663489422829
XGBClassifier,roc_auc,0.64,0.08318365285810403,1.196816347141896
LinearDiscriminantAnalysis,roc_auc,0.678888888888889,0.12883165280980347,1.2289461249679745
SVC,roc_auc,0.7011111111111111,0.17275937641578953,1.2294628458064327
LassoRegression,roc_auc,0.578888888888889,0.021075698335317083,1.136702079442461
RidgeRegression,roc_auc,0.6933333333333334,0.22759881456184627,1.1590678521048203
